Mon Sep 21 12:00:38 2020,0.000000,0.897686
Mon Sep 21 12:00:38 2020,0.000000,0.901056
Mon Sep 21 12:00:38 2020,0.000000,0.887187
Mon Sep 21 12:00:38 2020,0.000000,0.878769
Mon Sep 21 12:00:38 2020,0.000000,0.897499
Mon Sep 21 12:00:38 2020,0.000000,0.914333
Mon Sep 21 12:00:38 2020,0.000000,0.903362
Mon Sep 21 12:00:38 2020,0.000000,0.908714
Mon Sep 21 12:00:38 2020,0.000000,0.893326
Mon Sep 21 12:00:38 2020,0.000000,0.908628
Mon Sep 21 12:00:38 2020,0.000000,0.888180
Mon Sep 21 12:00:38 2020,0.000000,0.890268
Mon Sep 21 12:00:38 2020,0.000000,0.902102
Mon Sep 21 12:00:38 2020,0.000000,0.900914
Mon Sep 21 12:00:38 2020,0.000000,0.918831
Mon Sep 21 12:00:39 2020,0.000000,0.909997
Mon Sep 21 12:00:39 2020,0.000000,0.903366
Mon Sep 21 12:00:39 2020,0.000000,0.906644
Mon Sep 21 12:00:39 2020,0.000000,0.903858
Mon Sep 21 12:00:39 2020,0.000000,0.915905
Mon Sep 21 12:00:39 2020,0.000000,0.904312
Mon Sep 21 12:00:39 2020,0.000000,0.910605
Mon Sep 21 12:00:39 2020,0.000000,0.914070
Mon Sep 21 12:00:39 2020,0.000000,0.911312
Mon Sep 21 12:00:39 2020,0.000000,0.908104
Mon Sep 21 12:00:39 2020,0.000000,0.907828
Mon Sep 21 12:00:39 2020,0.000000,0.905486
Mon Sep 21 12:00:39 2020,0.000000,0.894639
Mon Sep 21 12:00:39 2020,0.000000,0.906928
Mon Sep 21 12:00:39 2020,0.000000,0.916870
Mon Sep 21 12:00:39 2020,0.000000,0.911359
Mon Sep 21 12:00:39 2020,0.000000,0.906177
Mon Sep 21 12:00:39 2020,0.000000,0.907292
Mon Sep 21 12:00:39 2020,0.000000,0.897660
Mon Sep 21 12:00:39 2020,0.000000,0.912728
Mon Sep 21 12:00:39 2020,0.000000,0.881273
Mon Sep 21 12:00:39 2020,0.000000,0.910407
Mon Sep 21 12:00:39 2020,0.000000,0.905662
Mon Sep 21 12:00:39 2020,0.000000,0.916543
Mon Sep 21 12:00:40 2020,0.000000,0.907451
Mon Sep 21 12:00:40 2020,0.000000,0.886461
Mon Sep 21 12:01:28 2020,0.000000,0.898813
Mon Sep 21 12:01:28 2020,0.000000,0.909978
Mon Sep 21 12:01:28 2020,0.000000,0.921240
Mon Sep 21 12:01:28 2020,0.000000,0.902381
Mon Sep 21 12:01:29 2020,0.000000,0.887441
Mon Sep 21 12:01:29 2020,0.000000,0.909876
Mon Sep 21 12:01:29 2020,0.000000,0.892360
Mon Sep 21 12:01:29 2020,0.000000,0.897788
Mon Sep 21 12:01:30 2020,0.000000,0.925540
Mon Sep 21 12:01:30 2020,0.000000,0.922053
Mon Sep 21 12:01:30 2020,0.000000,0.916897
Mon Sep 21 12:01:30 2020,0.000000,0.913225
Mon Sep 21 12:01:31 2020,0.000000,0.898724
Mon Sep 21 12:01:31 2020,0.000000,0.890772
Mon Sep 21 12:01:31 2020,0.000000,0.891156
Mon Sep 21 12:01:31 2020,0.000000,0.902326
Mon Sep 21 12:01:32 2020,0.000000,0.900733
Mon Sep 21 12:01:32 2020,0.000000,0.893901
Mon Sep 21 12:01:32 2020,0.000000,0.901881
Mon Sep 21 12:01:32 2020,0.000000,0.899880
Mon Sep 21 12:01:33 2020,0.000000,0.889481
Mon Sep 21 12:01:33 2020,0.000000,0.905241
Mon Sep 21 12:01:33 2020,0.000000,0.902912
Mon Sep 21 12:01:33 2020,0.000000,0.918997
Mon Sep 21 12:01:34 2020,0.000000,0.899055
Mon Sep 21 12:01:34 2020,0.000000,0.883742
Mon Sep 21 12:01:34 2020,0.000000,0.901737
Mon Sep 21 12:01:34 2020,0.000000,0.895085
Mon Sep 21 12:01:35 2020,0.000000,0.908979
Mon Sep 21 12:01:35 2020,0.000000,0.903521
Mon Sep 21 12:01:35 2020,0.000000,0.903072
Mon Sep 21 12:01:35 2020,0.000000,0.887282
Mon Sep 21 12:01:36 2020,0.000000,0.900784
Mon Sep 21 12:01:36 2020,0.000000,0.900647
Mon Sep 21 12:01:36 2020,0.000000,0.923356
Mon Sep 21 12:01:36 2020,0.000000,0.904009
Mon Sep 21 12:01:37 2020,0.000000,0.898154
Mon Sep 21 12:01:37 2020,0.000000,0.893827
Mon Sep 21 12:01:37 2020,0.000000,0.919816
Mon Sep 21 12:01:37 2020,0.000000,0.912927
Mon Sep 21 12:01:38 2020,0.000000,0.922244
Mon Sep 21 12:01:38 2020,0.000000,0.908074
Mon Sep 21 12:01:38 2020,0.000000,0.916982
Mon Sep 21 12:01:38 2020,0.000000,0.930802
Mon Sep 21 12:01:39 2020,0.000000,0.917165
Mon Sep 21 12:01:39 2020,0.000000,0.905504
Mon Sep 21 12:01:39 2020,0.000000,0.911838
Mon Sep 21 12:01:39 2020,0.000000,0.916457
Mon Sep 21 12:01:40 2020,0.000000,0.890662
Mon Sep 21 12:01:40 2020,0.000000,0.926913
Mon Sep 21 12:01:40 2020,0.000000,0.919312
Mon Sep 21 12:01:40 2020,0.000000,0.897123
Mon Sep 21 12:01:41 2020,0.000000,0.935415
Mon Sep 21 12:01:41 2020,0.000000,0.905215
Mon Sep 21 12:01:41 2020,0.000000,0.933512
Mon Sep 21 12:01:41 2020,0.000000,0.927727
Mon Sep 21 12:01:42 2020,0.000000,0.902335
Mon Sep 21 12:01:42 2020,0.000000,0.940423
Mon Sep 21 12:01:42 2020,0.000000,0.921147
Mon Sep 21 12:01:42 2020,0.000000,0.908702
Mon Sep 21 12:01:43 2020,0.000000,0.913572
Mon Sep 21 12:01:43 2020,0.000000,0.910660
Mon Sep 21 12:01:43 2020,0.000000,0.925023
Mon Sep 21 12:01:43 2020,0.000000,0.912918
Mon Sep 21 12:01:44 2020,0.000000,0.907293
Mon Sep 21 12:01:44 2020,0.000000,0.909044
Mon Sep 21 12:01:44 2020,0.000000,0.918911
Mon Sep 21 12:01:44 2020,0.000000,0.925802
Mon Sep 21 12:01:45 2020,0.000000,0.932311
Mon Sep 21 12:01:45 2020,0.000000,0.920408
Mon Sep 21 12:01:45 2020,0.000000,0.920903
Mon Sep 21 12:01:45 2020,0.000000,0.929038
Mon Sep 21 12:01:46 2020,0.000000,0.915623
Mon Sep 21 12:01:46 2020,0.000000,0.941326
Mon Sep 21 12:01:46 2020,0.000000,0.910610
Mon Sep 21 12:01:46 2020,0.000000,0.924895
Mon Sep 21 12:01:47 2020,0.000000,0.934889
Mon Sep 21 12:01:47 2020,0.000000,0.939182
Mon Sep 21 12:01:47 2020,0.000000,0.917800
Mon Sep 21 12:01:47 2020,0.000000,0.946828
Mon Sep 21 12:01:48 2020,0.000000,0.935982
Mon Sep 21 12:01:48 2020,0.000000,0.941431
Mon Sep 21 12:01:48 2020,0.000000,0.960141
Mon Sep 21 12:01:48 2020,0.000000,0.945681
Mon Sep 21 12:01:49 2020,0.000000,0.954979
Mon Sep 21 12:01:49 2020,0.000000,0.948330
Mon Sep 21 12:01:49 2020,0.000000,0.962972
Mon Sep 21 12:01:49 2020,0.000000,0.974349
Mon Sep 21 12:01:50 2020,0.000000,0.971578
Mon Sep 21 12:01:50 2020,0.000000,0.963945
Mon Sep 21 12:01:50 2020,0.000000,0.982623
Mon Sep 21 12:01:50 2020,0.000000,0.976587
Mon Sep 21 12:01:51 2020,0.000000,0.963809
Mon Sep 21 12:01:51 2020,0.000000,0.996272
Mon Sep 21 12:01:51 2020,0.000000,0.985479
Mon Sep 21 12:01:51 2020,0.000000,0.996149
Mon Sep 21 12:01:52 2020,0.000000,1.020211
Mon Sep 21 12:01:52 2020,0.000000,1.006667
Mon Sep 21 12:01:52 2020,0.000000,1.001858
Mon Sep 21 12:01:52 2020,0.000000,1.005993
Mon Sep 21 12:01:53 2020,0.000000,1.011780
Mon Sep 21 12:01:53 2020,0.000000,1.025298
Mon Sep 21 12:01:53 2020,0.000000,1.027510
Mon Sep 21 12:01:53 2020,0.000000,1.030174
Mon Sep 21 12:01:54 2020,0.000000,1.031495
Mon Sep 21 12:01:54 2020,0.000000,1.042059
Mon Sep 21 12:01:54 2020,0.000000,1.045664
Mon Sep 21 12:01:54 2020,0.000000,1.045316
Mon Sep 21 12:01:55 2020,0.000000,1.056755
Mon Sep 21 12:01:55 2020,0.000000,1.065664
Mon Sep 21 12:01:55 2020,0.000000,1.064313
Mon Sep 21 12:01:55 2020,0.000000,1.058780
Mon Sep 21 12:01:56 2020,0.000000,1.102699
Mon Sep 21 12:01:56 2020,0.000000,1.100126
Mon Sep 21 12:01:56 2020,0.000000,1.091464
Mon Sep 21 12:01:56 2020,0.000000,1.087306
Mon Sep 21 12:01:57 2020,0.000000,1.113765
Mon Sep 21 12:01:57 2020,0.000000,1.103293
Mon Sep 21 12:01:57 2020,0.000000,1.116499
Mon Sep 21 12:01:57 2020,0.000000,1.113764
Mon Sep 21 12:01:58 2020,0.000000,1.107927
Mon Sep 21 12:01:58 2020,0.000000,1.123989
Mon Sep 21 12:01:58 2020,0.000000,1.142483
Mon Sep 21 12:01:58 2020,0.000000,1.158975
Mon Sep 21 12:01:59 2020,0.000000,1.145670
Mon Sep 21 12:01:59 2020,0.000000,1.162171
Mon Sep 21 12:01:59 2020,0.000000,1.150678
Mon Sep 21 12:01:59 2020,0.000000,1.186554
Mon Sep 21 12:02:00 2020,0.000000,1.164854
Mon Sep 21 12:02:00 2020,0.000000,1.192739
Mon Sep 21 12:02:00 2020,0.000000,1.196644
Mon Sep 21 12:02:00 2020,0.000000,1.204600
Mon Sep 21 12:02:01 2020,0.000000,1.199075
Mon Sep 21 12:02:01 2020,0.000000,1.197600
Mon Sep 21 12:02:01 2020,0.000000,1.225724
Mon Sep 21 12:02:01 2020,0.000000,1.229973
Mon Sep 21 12:02:02 2020,0.000000,1.248217
Mon Sep 21 12:02:02 2020,0.000000,1.249879
Mon Sep 21 12:02:02 2020,0.000000,1.232052
Mon Sep 21 12:02:02 2020,0.000000,1.268673
Mon Sep 21 12:02:03 2020,0.000000,1.286626
Mon Sep 21 12:02:03 2020,0.000000,1.286081
Mon Sep 21 12:02:03 2020,0.000000,1.282939
Mon Sep 21 12:02:03 2020,0.000000,1.306720
Mon Sep 21 12:02:04 2020,0.000000,1.305060
Mon Sep 21 12:02:04 2020,0.000000,1.321962
Mon Sep 21 12:02:04 2020,0.000000,1.351951
Mon Sep 21 12:02:04 2020,0.000000,1.357476
Mon Sep 21 12:02:05 2020,0.000000,1.354694
Mon Sep 21 12:02:05 2020,0.000000,1.370118
Mon Sep 21 12:02:05 2020,0.000000,1.377775
Mon Sep 21 12:02:05 2020,0.000000,1.397069
Mon Sep 21 12:02:06 2020,0.000000,1.406179
Mon Sep 21 12:02:06 2020,0.000000,1.404808
Mon Sep 21 12:02:06 2020,0.000000,1.407784
Mon Sep 21 12:02:06 2020,0.000000,1.436744
Mon Sep 21 12:02:07 2020,0.000000,1.446225
Mon Sep 21 12:02:07 2020,0.000000,1.434190
Mon Sep 21 12:02:07 2020,0.000000,1.474034
Mon Sep 21 12:02:07 2020,0.000000,1.473482
Mon Sep 21 12:02:08 2020,0.000000,1.454173
Mon Sep 21 12:02:08 2020,0.000000,1.471576
Mon Sep 21 12:02:08 2020,0.000000,1.479640
Mon Sep 21 12:02:08 2020,0.000000,1.473317
Mon Sep 21 12:02:09 2020,0.000000,1.469517
Mon Sep 21 12:02:09 2020,0.000000,1.459239
Mon Sep 21 12:02:09 2020,0.000000,1.477316
Mon Sep 21 12:02:09 2020,0.000000,1.472154
Mon Sep 21 12:02:10 2020,0.000000,1.462879
Mon Sep 21 12:02:10 2020,0.000000,1.466417
Mon Sep 21 12:02:10 2020,0.000000,1.480676
Mon Sep 21 12:02:10 2020,0.000000,1.462037
Mon Sep 21 12:02:11 2020,0.000000,1.487762
Mon Sep 21 12:02:11 2020,0.000000,1.498389
Mon Sep 21 12:02:11 2020,0.000000,1.500011
Mon Sep 21 12:02:11 2020,0.000000,1.499414
Mon Sep 21 12:02:12 2020,0.000000,1.505044
Mon Sep 21 12:02:12 2020,0.000000,1.510376
Mon Sep 21 12:02:12 2020,0.000000,1.507441
Mon Sep 21 12:02:12 2020,0.000000,1.496906
Mon Sep 21 12:02:13 2020,0.000000,1.511992
Mon Sep 21 12:02:13 2020,0.000000,1.499395
Mon Sep 21 12:02:13 2020,0.000000,1.524326
Mon Sep 21 12:02:13 2020,0.000000,1.506037
Mon Sep 21 12:02:13 2020,0.000000,1.509952
Mon Sep 21 12:02:13 2020,0.000000,1.518515
Mon Sep 21 12:02:14 2020,0.000000,1.520280
Mon Sep 21 12:02:14 2020,0.000000,1.518656
Mon Sep 21 12:02:14 2020,0.000000,1.522658
Mon Sep 21 12:02:14 2020,0.000000,1.531256
Mon Sep 21 12:02:14 2020,0.000000,1.519333
Mon Sep 21 12:02:14 2020,0.000000,1.522568
Mon Sep 21 12:02:14 2020,0.000000,1.523578
Mon Sep 21 12:02:14 2020,0.000000,1.530445
Mon Sep 21 12:02:14 2020,0.000000,1.528079
Mon Sep 21 12:02:14 2020,0.000000,1.538883
Mon Sep 21 12:02:15 2020,0.000000,1.520157
Mon Sep 21 12:02:15 2020,0.000000,1.540781
Mon Sep 21 12:02:15 2020,0.000000,1.542661
Mon Sep 21 12:02:15 2020,0.000000,1.531452
Mon Sep 21 12:02:15 2020,0.000000,1.538075
Mon Sep 21 12:02:15 2020,0.000000,1.543032
Mon Sep 21 12:02:15 2020,0.000000,1.536571
Mon Sep 21 12:02:15 2020,0.000000,1.536478
Mon Sep 21 12:02:15 2020,0.000000,1.533254
Mon Sep 21 12:02:15 2020,0.000000,1.533426
Mon Sep 21 12:02:16 2020,0.000000,1.565668
Mon Sep 21 12:02:16 2020,0.000000,1.552626
Mon Sep 21 12:02:16 2020,0.000000,1.551202
Mon Sep 21 12:02:16 2020,0.000000,1.557447
Mon Sep 21 12:02:16 2020,0.000000,1.558244
Mon Sep 21 12:02:16 2020,0.000000,1.547821
Mon Sep 21 12:02:16 2020,0.000000,1.527663
Mon Sep 21 12:02:16 2020,0.000000,1.527578
Mon Sep 21 12:02:16 2020,0.000000,1.526734
Mon Sep 21 12:02:16 2020,0.000000,1.549334
Mon Sep 21 12:02:17 2020,0.000000,1.533810
Mon Sep 21 12:02:17 2020,0.000000,1.531664
Mon Sep 21 12:02:17 2020,0.000000,1.539864
Mon Sep 21 12:02:17 2020,0.000000,1.520372
Mon Sep 21 12:02:17 2020,0.000000,1.553192
Mon Sep 21 12:02:17 2020,0.000000,1.538630
Mon Sep 21 12:02:17 2020,0.000000,1.541238
Mon Sep 21 12:02:17 2020,0.000000,1.540479
Mon Sep 21 12:02:17 2020,0.000000,1.536546
Mon Sep 21 12:02:17 2020,0.000000,1.548966
Mon Sep 21 12:02:18 2020,0.000000,1.541848
Mon Sep 21 12:02:18 2020,0.000000,1.532942
Mon Sep 21 12:02:18 2020,0.000000,1.530373
Mon Sep 21 12:02:18 2020,0.000000,1.531616
Mon Sep 21 12:02:18 2020,0.000000,1.529634
Mon Sep 21 12:02:18 2020,0.000000,1.515925
Mon Sep 21 12:02:18 2020,0.000000,1.533752
Mon Sep 21 12:02:18 2020,0.000000,1.555872
Mon Sep 21 12:02:18 2020,0.000000,1.543546
Mon Sep 21 12:02:19 2020,0.000000,1.523181
Mon Sep 21 12:02:19 2020,0.000000,1.536620
Mon Sep 21 12:02:19 2020,0.000000,1.536793
Mon Sep 21 12:02:19 2020,0.000000,1.534236
Mon Sep 21 12:02:19 2020,0.000000,1.537573
Mon Sep 21 12:02:19 2020,0.000000,1.528681
Mon Sep 21 12:02:19 2020,0.000000,1.534585
Mon Sep 21 12:02:19 2020,0.000000,1.544437
Mon Sep 21 12:02:19 2020,0.000000,1.530415
Mon Sep 21 12:02:19 2020,0.000000,1.552579
Mon Sep 21 12:02:20 2020,0.000000,1.533665
Mon Sep 21 12:02:20 2020,0.000000,1.534275
Mon Sep 21 12:02:20 2020,0.000000,1.547246
Mon Sep 21 12:02:20 2020,0.000000,1.540961
Mon Sep 21 12:02:20 2020,0.000000,1.538173
Mon Sep 21 12:02:20 2020,0.000000,1.523088
Mon Sep 21 12:02:20 2020,0.000000,1.512754
Mon Sep 21 12:02:20 2020,0.000000,1.534023
Mon Sep 21 12:02:20 2020,0.000000,1.521686
Mon Sep 21 12:02:20 2020,0.000000,1.534684
Mon Sep 21 12:02:21 2020,0.000000,1.531184
Mon Sep 21 12:02:21 2020,0.000000,1.536683
Mon Sep 21 12:02:21 2020,0.000000,1.517308
Mon Sep 21 12:02:21 2020,0.000000,1.536042
Mon Sep 21 12:02:21 2020,0.000000,1.537897
Mon Sep 21 12:02:21 2020,0.000000,1.525165
Mon Sep 21 12:02:21 2020,0.000000,1.533525
Mon Sep 21 12:02:21 2020,0.000000,1.530357
Mon Sep 21 12:02:21 2020,0.000000,1.537327
Mon Sep 21 12:02:21 2020,0.000000,1.537917
Mon Sep 21 12:02:22 2020,0.000000,1.539472
Mon Sep 21 12:02:22 2020,0.000000,1.539513
Mon Sep 21 12:02:22 2020,0.000000,1.526632
Mon Sep 21 12:02:22 2020,0.000000,1.532693
Mon Sep 21 12:02:22 2020,0.000000,1.535229
Mon Sep 21 12:02:22 2020,0.000000,1.539147
Mon Sep 21 12:02:22 2020,0.000000,1.520207
Mon Sep 21 12:02:22 2020,0.000000,1.539597
Mon Sep 21 12:02:22 2020,0.000000,1.528872
Mon Sep 21 12:02:23 2020,0.000000,1.530264
Mon Sep 21 12:02:23 2020,0.000000,1.523985
Mon Sep 21 12:02:23 2020,0.000000,1.560335
Mon Sep 21 12:02:23 2020,0.000000,1.522703
Mon Sep 21 12:02:23 2020,0.000000,1.545806
Mon Sep 21 12:02:23 2020,0.000000,1.534772
Mon Sep 21 12:02:23 2020,0.000000,1.550096
Mon Sep 21 12:02:23 2020,0.000000,1.541630
Mon Sep 21 12:02:23 2020,0.000000,1.539298
Mon Sep 21 12:02:23 2020,0.000000,1.550267
Mon Sep 21 12:02:24 2020,0.000000,1.541335
Mon Sep 21 12:02:24 2020,0.000000,1.539095
Mon Sep 21 12:02:24 2020,0.000000,1.526929
Mon Sep 21 12:02:24 2020,0.000000,1.536597
Mon Sep 21 12:02:24 2020,0.000000,1.555739
Mon Sep 21 12:02:24 2020,0.000000,1.536851
Mon Sep 21 12:02:24 2020,0.000000,1.532447
Mon Sep 21 12:02:24 2020,0.000000,1.549483
Mon Sep 21 12:02:24 2020,0.000000,1.542572
Mon Sep 21 12:02:24 2020,0.000000,1.550760
Mon Sep 21 12:02:25 2020,0.000000,1.545299
Mon Sep 21 12:02:25 2020,0.000000,1.544012
Mon Sep 21 12:02:25 2020,0.000000,1.550484
Mon Sep 21 12:02:25 2020,0.000000,1.550752
Mon Sep 21 12:02:25 2020,0.000000,1.538230
Mon Sep 21 12:02:25 2020,0.000000,1.531061
Mon Sep 21 12:02:25 2020,0.000000,1.529644
Mon Sep 21 12:02:25 2020,0.000000,1.543987
Mon Sep 21 12:02:25 2020,0.000000,1.542491
Mon Sep 21 12:02:26 2020,0.000000,1.548160
Mon Sep 21 12:02:26 2020,0.000000,1.547695
Mon Sep 21 12:02:26 2020,0.000000,1.532511
Mon Sep 21 12:02:26 2020,0.000000,1.529875
Mon Sep 21 12:02:26 2020,0.000000,1.540271
Mon Sep 21 12:02:26 2020,0.000000,1.570883
Mon Sep 21 12:02:26 2020,0.000000,1.548471
Mon Sep 21 12:02:26 2020,0.000000,1.553118
Mon Sep 21 12:02:26 2020,0.000000,1.541513
Mon Sep 21 12:02:26 2020,0.000000,1.537151
Mon Sep 21 12:02:27 2020,0.000000,1.528557
Mon Sep 21 12:03:12 2020,0.000000,1.544359
Mon Sep 21 12:03:12 2020,0.000000,1.526938
Mon Sep 21 12:03:12 2020,0.000000,1.537847
Mon Sep 21 12:03:12 2020,0.000000,1.542962
Mon Sep 21 12:03:12 2020,0.000000,1.554699
Mon Sep 21 12:03:12 2020,0.000000,1.556543
Mon Sep 21 12:03:13 2020,0.000000,1.544459
Mon Sep 21 12:03:13 2020,0.000000,1.543802
Mon Sep 21 12:03:13 2020,0.000000,1.544611
Mon Sep 21 12:03:13 2020,0.000000,1.549434
Mon Sep 21 12:03:13 2020,0.000000,1.533802
Mon Sep 21 12:03:13 2020,0.000000,1.545013
Mon Sep 21 12:03:13 2020,0.000000,1.541473
Mon Sep 21 12:03:13 2020,0.000000,1.556764
Mon Sep 21 12:03:13 2020,0.000000,1.569638
Mon Sep 21 12:03:13 2020,0.000000,1.575773
Mon Sep 21 12:03:14 2020,0.000000,1.564326
Mon Sep 21 12:03:14 2020,0.000000,1.568034
Mon Sep 21 12:03:14 2020,0.000000,1.561026
Mon Sep 21 12:03:14 2020,0.000000,1.544894
Mon Sep 21 12:03:14 2020,0.000000,1.554245
Mon Sep 21 12:03:14 2020,0.000000,1.540462
Mon Sep 21 12:03:14 2020,0.000000,1.562863
Mon Sep 21 12:03:14 2020,0.000000,1.555475
Mon Sep 21 12:03:14 2020,0.000000,1.566385
Mon Sep 21 12:03:14 2020,0.000000,1.550114
Mon Sep 21 12:03:15 2020,0.000000,1.552456
Mon Sep 21 12:03:15 2020,0.000000,1.552957
Mon Sep 21 12:03:15 2020,0.000000,1.560074
Mon Sep 21 12:03:15 2020,0.000000,1.546645
Mon Sep 21 12:03:15 2020,0.000000,1.542448
Mon Sep 21 12:03:15 2020,0.000000,1.548014
Mon Sep 21 12:03:15 2020,0.000000,1.524929
Mon Sep 21 12:03:15 2020,0.000000,1.555734
Mon Sep 21 12:03:15 2020,0.000000,1.562008
Mon Sep 21 12:03:16 2020,0.000000,1.545276
Mon Sep 21 12:03:16 2020,0.000000,1.578915
Mon Sep 21 12:03:16 2020,0.000000,1.565746
Mon Sep 21 12:03:16 2020,0.000000,1.562093
Mon Sep 21 12:03:16 2020,0.000000,1.562626
Mon Sep 21 12:03:16 2020,0.000000,1.554055
Mon Sep 21 12:03:16 2020,0.000000,1.557351
Mon Sep 21 12:03:16 2020,0.000000,1.561552
Mon Sep 21 12:03:16 2020,0.000000,1.557162
Mon Sep 21 12:03:16 2020,0.000000,1.548083
Mon Sep 21 12:03:17 2020,0.000000,1.540469
Mon Sep 21 12:03:17 2020,0.000000,1.553019
Mon Sep 21 12:03:17 2020,0.000000,1.526098
Mon Sep 21 12:03:17 2020,0.000000,1.555156
Mon Sep 21 12:03:17 2020,0.000000,1.537483
Mon Sep 21 12:03:17 2020,0.000000,1.554932
Mon Sep 21 12:03:17 2020,0.000000,1.536850
Mon Sep 21 12:03:17 2020,0.000000,1.555199
Mon Sep 21 12:03:17 2020,0.000000,1.560729
Mon Sep 21 12:03:17 2020,0.000000,1.554723
Mon Sep 21 12:03:18 2020,0.000000,1.533735
Mon Sep 21 12:03:18 2020,0.000000,1.548635
Mon Sep 21 12:03:18 2020,0.000000,1.545202
Mon Sep 21 12:03:18 2020,0.000000,1.535452
Mon Sep 21 12:03:18 2020,0.000000,1.515105
Mon Sep 21 12:03:18 2020,0.000000,1.528782
Mon Sep 21 12:03:18 2020,0.000000,1.546139
Mon Sep 21 12:03:18 2020,0.000000,1.545875
Mon Sep 21 12:03:18 2020,0.000000,1.563771
Mon Sep 21 12:03:19 2020,0.000000,1.541789
Mon Sep 21 12:03:19 2020,0.000000,1.541099
Mon Sep 21 12:03:19 2020,0.000000,1.540635
Mon Sep 21 12:03:19 2020,0.000000,1.544127
Mon Sep 21 12:03:19 2020,0.000000,1.547068
Mon Sep 21 12:03:19 2020,0.000000,1.560383
Mon Sep 21 12:03:19 2020,0.000000,1.544608
Mon Sep 21 12:03:19 2020,0.000000,1.548351
Mon Sep 21 12:03:19 2020,0.000000,1.528366
Mon Sep 21 12:03:19 2020,0.000000,1.563643
Mon Sep 21 12:03:20 2020,0.000000,1.551703
Mon Sep 21 12:03:20 2020,0.000000,1.550904
Mon Sep 21 12:03:20 2020,0.000000,1.557375
Mon Sep 21 12:03:20 2020,0.000000,1.537668
Mon Sep 21 12:03:20 2020,0.000000,1.556221
Mon Sep 21 12:03:20 2020,0.000000,1.542055
Mon Sep 21 12:03:20 2020,0.000000,1.549879
Mon Sep 21 12:03:20 2020,0.000000,1.556956
Mon Sep 21 12:03:20 2020,0.000000,1.549663
Mon Sep 21 12:03:21 2020,0.000000,1.554324
Mon Sep 21 12:03:21 2020,0.000000,1.542218
Mon Sep 21 12:03:21 2020,0.000000,1.528222
Mon Sep 21 12:03:21 2020,0.000000,1.564914
Mon Sep 21 12:03:21 2020,0.000000,1.554214
Mon Sep 21 12:03:21 2020,0.000000,1.540767
Mon Sep 21 12:03:21 2020,0.000000,1.540416
Mon Sep 21 12:03:21 2020,0.000000,1.545923
Mon Sep 21 12:03:21 2020,0.000000,1.541657
Mon Sep 21 12:03:21 2020,0.000000,1.540626
Mon Sep 21 12:03:22 2020,0.000000,1.551023
Mon Sep 21 12:03:22 2020,0.000000,1.552799
Mon Sep 21 12:03:22 2020,0.000000,1.560141
Mon Sep 21 12:03:22 2020,0.000000,1.543199
Mon Sep 21 12:03:22 2020,0.000000,1.535268
Mon Sep 21 12:03:22 2020,0.000000,1.538968
Mon Sep 21 12:03:22 2020,0.000000,1.548006
Mon Sep 21 12:03:22 2020,0.000000,1.541945
Mon Sep 21 12:03:22 2020,0.000000,1.544452
Mon Sep 21 12:03:22 2020,0.000000,1.570968
Mon Sep 21 12:03:23 2020,0.000000,1.550580
Mon Sep 21 12:03:23 2020,0.000000,1.540402
Mon Sep 21 12:03:23 2020,0.000000,1.541523
Mon Sep 21 12:03:23 2020,0.000000,1.544535
Mon Sep 21 12:03:23 2020,0.000000,1.542867
Mon Sep 21 12:03:23 2020,0.000000,1.561700
Mon Sep 21 12:03:23 2020,0.000000,1.554755
Mon Sep 21 12:03:23 2020,0.000000,1.539229
Mon Sep 21 12:03:23 2020,0.000000,1.565727
Mon Sep 21 12:03:24 2020,0.000000,1.534315
Mon Sep 21 12:03:24 2020,0.000000,1.551685
Mon Sep 21 12:03:24 2020,0.000000,1.554888
Mon Sep 21 12:03:24 2020,0.000000,1.541687
Mon Sep 21 12:03:24 2020,0.000000,1.538478
Mon Sep 21 12:03:24 2020,0.000000,1.569917
Mon Sep 21 12:03:24 2020,0.000000,1.545763
Mon Sep 21 12:03:24 2020,0.000000,1.551734
Mon Sep 21 12:03:24 2020,0.000000,1.563761
Mon Sep 21 12:03:24 2020,0.000000,1.561778
Mon Sep 21 12:03:25 2020,0.000000,1.567375
Mon Sep 21 12:03:25 2020,0.000000,1.537468
Mon Sep 21 12:03:25 2020,0.000000,1.572337
Mon Sep 21 12:03:25 2020,0.000000,1.562370
Mon Sep 21 12:03:25 2020,0.000000,1.555948
Mon Sep 21 12:03:25 2020,0.000000,1.541941
Mon Sep 21 12:03:25 2020,0.000000,1.557080
Mon Sep 21 12:03:25 2020,0.000000,1.545274
Mon Sep 21 12:03:25 2020,0.000000,1.531039
Mon Sep 21 12:03:25 2020,0.000000,1.552434
Mon Sep 21 12:03:26 2020,0.000000,1.561132
Mon Sep 21 12:03:26 2020,0.000000,1.555825
Mon Sep 21 12:03:26 2020,0.000000,1.559793
Mon Sep 21 12:03:26 2020,0.000000,1.556847
Mon Sep 21 12:03:26 2020,0.000000,1.566294
Mon Sep 21 12:03:26 2020,0.000000,1.567039
Mon Sep 21 12:03:26 2020,0.000000,1.537524
Mon Sep 21 12:03:26 2020,0.000000,1.546484
Mon Sep 21 12:03:26 2020,0.000000,1.555642
Mon Sep 21 12:03:26 2020,0.000000,1.567973
Mon Sep 21 12:03:27 2020,0.000000,1.550899
Mon Sep 21 12:03:27 2020,0.000000,1.561659
Mon Sep 21 12:03:27 2020,0.000000,1.546994
Mon Sep 21 12:03:27 2020,0.000000,1.547890
Mon Sep 21 12:03:27 2020,0.000000,1.568796
Mon Sep 21 12:03:27 2020,0.000000,1.567823
Mon Sep 21 12:03:27 2020,0.000000,1.565945
Mon Sep 21 12:03:27 2020,0.000000,1.549619
Mon Sep 21 12:03:27 2020,0.000000,1.549640
Mon Sep 21 12:03:28 2020,0.000000,1.562923
Mon Sep 21 12:03:28 2020,0.000000,1.556162
Mon Sep 21 12:03:28 2020,0.000000,1.563027
Mon Sep 21 12:03:28 2020,0.000000,1.558553
Mon Sep 21 12:03:28 2020,0.000000,1.552956
Mon Sep 21 12:03:28 2020,0.000000,1.546346
Mon Sep 21 12:03:28 2020,0.000000,1.560799
Mon Sep 21 12:03:28 2020,0.000000,1.567827
Mon Sep 21 12:03:28 2020,0.000000,1.553656
Mon Sep 21 12:03:28 2020,0.000000,1.567167
Mon Sep 21 12:03:29 2020,0.000000,1.563010
Mon Sep 21 12:03:29 2020,0.000000,1.543917
Mon Sep 21 12:03:29 2020,0.000000,1.555956
Mon Sep 21 12:03:29 2020,0.000000,1.561117
Mon Sep 21 12:03:29 2020,0.000000,1.568845
Mon Sep 21 12:03:29 2020,0.000000,1.566771
Mon Sep 21 12:03:29 2020,0.000000,1.562282
Mon Sep 21 12:03:29 2020,0.000000,1.553601
Mon Sep 21 12:03:29 2020,0.000000,1.557945
Mon Sep 21 12:03:29 2020,0.000000,1.562777
Mon Sep 21 12:03:30 2020,0.000000,1.563909
Mon Sep 21 12:03:30 2020,0.000000,1.538922
Mon Sep 21 12:03:30 2020,0.000000,1.553711
Mon Sep 21 12:03:30 2020,0.000000,1.552194
Mon Sep 21 12:03:30 2020,0.000000,1.560944
Mon Sep 21 12:03:30 2020,0.000000,1.539933
Mon Sep 21 12:03:30 2020,0.000000,1.549381
Mon Sep 21 12:03:30 2020,0.000000,1.554415
Mon Sep 21 12:03:30 2020,0.000000,1.549738
Mon Sep 21 12:03:31 2020,0.000000,1.559469
Mon Sep 21 12:03:31 2020,0.000000,1.546865
Mon Sep 21 12:03:31 2020,0.000000,1.572264
Mon Sep 21 12:03:31 2020,0.000000,1.531525
Mon Sep 21 12:03:31 2020,0.000000,1.539111
Mon Sep 21 12:03:31 2020,0.000000,1.549263
Mon Sep 21 12:03:31 2020,0.000000,1.553488
Mon Sep 21 12:03:31 2020,0.000000,1.574681
Mon Sep 21 12:03:31 2020,0.000000,1.544352
Mon Sep 21 12:03:31 2020,0.000000,1.559434
Mon Sep 21 12:03:32 2020,0.000000,1.550443
Mon Sep 21 12:03:32 2020,0.000000,1.547101
Mon Sep 21 12:03:32 2020,0.000000,1.567944
Mon Sep 21 12:03:32 2020,0.000000,1.561346
Mon Sep 21 12:03:32 2020,0.000000,1.562669
Mon Sep 21 12:03:32 2020,0.000000,1.564294
Mon Sep 21 12:03:32 2020,0.000000,1.543248
Mon Sep 21 12:03:32 2020,0.000000,1.544769
Mon Sep 21 12:03:32 2020,0.000000,1.565076
Mon Sep 21 12:03:33 2020,0.000000,1.572095
Mon Sep 21 12:03:33 2020,0.000000,1.553652
Mon Sep 21 12:03:33 2020,0.000000,1.563257
Mon Sep 21 12:03:33 2020,0.000000,1.557833
Mon Sep 21 12:03:33 2020,0.000000,1.553324
Mon Sep 21 12:03:33 2020,0.000000,1.561712
Mon Sep 21 12:03:33 2020,0.000000,1.542061
Mon Sep 21 12:03:33 2020,0.000000,1.539319
Mon Sep 21 12:03:33 2020,0.000000,1.562886
Mon Sep 21 12:03:33 2020,0.000000,1.563528
Mon Sep 21 12:03:34 2020,0.000000,1.561383
Mon Sep 21 12:03:34 2020,0.000000,1.549386
Mon Sep 21 12:03:34 2020,0.000000,1.555859
Mon Sep 21 12:03:34 2020,0.000000,1.572300
Mon Sep 21 12:03:34 2020,0.000000,1.547269
Mon Sep 21 12:03:34 2020,0.000000,1.566089
Mon Sep 21 12:03:34 2020,0.000000,1.559549
Mon Sep 21 12:03:34 2020,0.000000,1.567945
Mon Sep 21 12:03:34 2020,0.000000,1.559615
Mon Sep 21 12:03:35 2020,0.000000,1.548235
Mon Sep 21 12:03:35 2020,0.000000,1.551570
Mon Sep 21 12:03:35 2020,0.000000,1.542082
Mon Sep 21 12:03:35 2020,0.000000,1.536852
Mon Sep 21 12:03:35 2020,0.000000,1.547300
Mon Sep 21 12:03:35 2020,0.000000,1.572123
Mon Sep 21 12:03:35 2020,0.000000,1.551452
Mon Sep 21 12:03:35 2020,0.000000,1.567484
Mon Sep 21 12:03:35 2020,0.000000,1.572512
Mon Sep 21 12:03:35 2020,0.000000,1.557159
Mon Sep 21 12:03:36 2020,0.000000,1.560429
Mon Sep 21 12:03:36 2020,0.000000,1.554596
Mon Sep 21 12:03:36 2020,0.000000,1.544774
Mon Sep 21 12:03:36 2020,0.000000,1.571460
Mon Sep 21 12:03:36 2020,0.000000,1.555670
Mon Sep 21 12:03:36 2020,0.000000,1.555902
Mon Sep 21 12:03:36 2020,0.000000,1.559275
Mon Sep 21 12:03:36 2020,0.000000,1.558112
Mon Sep 21 12:03:36 2020,0.000000,1.572192
Mon Sep 21 12:03:36 2020,0.000000,1.560037
Mon Sep 21 12:03:37 2020,0.000000,1.565663
Mon Sep 21 12:03:37 2020,0.000000,1.558679
Mon Sep 21 12:03:37 2020,0.000000,1.553618
Mon Sep 21 12:03:37 2020,0.000000,1.548804
Mon Sep 21 12:03:37 2020,0.000000,1.557194
Mon Sep 21 12:03:37 2020,0.000000,1.567344
Mon Sep 21 12:03:37 2020,0.000000,1.573959
Mon Sep 21 12:03:37 2020,0.000000,1.550194
Mon Sep 21 12:03:37 2020,0.000000,1.553757
Mon Sep 21 12:03:38 2020,0.000000,1.551163
Mon Sep 21 12:03:38 2020,0.000000,1.537191
Mon Sep 21 12:03:38 2020,0.000000,1.558817
Mon Sep 21 12:03:38 2020,0.000000,1.544380
Mon Sep 21 12:03:38 2020,0.000000,1.561840
Mon Sep 21 12:03:38 2020,0.000000,1.555080
Mon Sep 21 12:03:38 2020,0.000000,1.562795
Mon Sep 21 12:03:38 2020,0.000000,1.552848
Mon Sep 21 12:03:38 2020,0.000000,1.569349
Mon Sep 21 12:03:38 2020,0.000000,1.554960
Mon Sep 21 12:03:39 2020,0.000000,1.552490
Mon Sep 21 12:03:39 2020,0.000000,1.559877
Mon Sep 21 12:03:39 2020,0.000000,1.565482
Mon Sep 21 12:03:39 2020,0.000000,1.555980
Mon Sep 21 12:03:39 2020,0.000000,1.560065
Mon Sep 21 12:03:39 2020,0.000000,1.559947
Mon Sep 21 12:03:39 2020,0.000000,1.552495
Mon Sep 21 12:03:39 2020,0.000000,1.570046
Mon Sep 21 12:03:39 2020,0.000000,1.547255
Mon Sep 21 12:03:40 2020,0.000000,1.561871
Mon Sep 21 12:03:40 2020,0.000000,1.555452
Mon Sep 21 12:03:40 2020,0.000000,1.558621
Mon Sep 21 12:03:40 2020,0.000000,1.533467
Mon Sep 21 12:03:40 2020,0.000000,1.561343
Mon Sep 21 12:03:40 2020,0.000000,1.570273
Mon Sep 21 12:03:40 2020,0.000000,1.563963
Mon Sep 21 12:03:40 2020,0.000000,1.543850
Mon Sep 21 12:03:40 2020,0.000000,1.539644
Mon Sep 21 12:03:40 2020,0.000000,1.545456
Mon Sep 21 12:03:41 2020,0.000000,1.548334
Mon Sep 21 12:03:41 2020,0.000000,1.560178
Mon Sep 21 12:03:41 2020,0.000000,1.528586
Mon Sep 21 12:03:41 2020,0.000000,1.563976
Mon Sep 21 12:03:41 2020,0.000000,1.554067
Mon Sep 21 12:03:41 2020,0.000000,1.574647
Mon Sep 21 12:03:41 2020,0.000000,1.553026
Mon Sep 21 12:03:41 2020,0.000000,1.566981
Mon Sep 21 12:03:41 2020,0.000000,1.571663
Mon Sep 21 12:03:41 2020,0.000000,1.557536
Mon Sep 21 12:03:42 2020,0.000000,1.570139
Mon Sep 21 12:03:42 2020,0.000000,1.529751
Mon Sep 21 12:03:42 2020,0.000000,1.582410
Mon Sep 21 12:03:42 2020,0.000000,1.576000
Mon Sep 21 12:03:42 2020,0.000000,1.533919
Mon Sep 21 12:03:42 2020,0.000000,1.544402
Mon Sep 21 12:03:42 2020,0.000000,1.550034
Mon Sep 21 12:03:42 2020,0.000000,1.563507
Mon Sep 21 12:03:42 2020,0.000000,1.540993
Mon Sep 21 12:03:43 2020,0.000000,1.548889
Mon Sep 21 12:03:43 2020,0.000000,1.574394
Mon Sep 21 12:03:43 2020,0.000000,1.564560
Mon Sep 21 12:03:43 2020,0.000000,1.566626
Mon Sep 21 12:03:43 2020,0.000000,1.559161
Mon Sep 21 12:03:43 2020,0.000000,1.567325
Mon Sep 21 12:03:43 2020,0.000000,1.545143
Mon Sep 21 12:03:43 2020,0.000000,1.550781
Mon Sep 21 12:03:43 2020,0.000000,1.558613
Mon Sep 21 12:03:43 2020,0.000000,1.554244
Mon Sep 21 12:03:44 2020,0.000000,1.566877
Mon Sep 21 12:03:44 2020,0.000000,1.553890
Mon Sep 21 12:03:44 2020,0.000000,1.556312
Mon Sep 21 12:03:44 2020,0.000000,1.560595
Mon Sep 21 12:03:44 2020,0.000000,1.579617
Mon Sep 21 12:03:44 2020,0.000000,1.561250
Mon Sep 21 12:03:44 2020,0.000000,1.550891
Mon Sep 21 12:03:44 2020,0.000000,1.565478
Mon Sep 21 12:03:44 2020,0.000000,1.550177
Mon Sep 21 12:03:44 2020,0.000000,1.573745
Mon Sep 21 12:03:45 2020,0.000000,1.571526
Mon Sep 21 12:03:45 2020,0.000000,1.550430
Mon Sep 21 12:03:45 2020,0.000000,1.572535
Mon Sep 21 12:03:45 2020,0.000000,1.554817
Mon Sep 21 12:03:45 2020,0.000000,1.555602
Mon Sep 21 12:03:45 2020,0.000000,1.551724
Mon Sep 21 12:03:45 2020,0.000000,1.544597
Mon Sep 21 12:03:45 2020,0.000000,1.555291
Mon Sep 21 12:03:45 2020,0.000000,1.559898
Mon Sep 21 12:03:45 2020,0.000000,1.549691
Mon Sep 21 12:03:46 2020,0.000000,1.560480
Mon Sep 21 12:03:46 2020,0.000000,1.568062
Mon Sep 21 12:03:46 2020,0.000000,1.555729
Mon Sep 21 12:03:46 2020,0.000000,1.566709
Mon Sep 21 12:03:46 2020,0.000000,1.534053
Mon Sep 21 12:03:46 2020,0.000000,1.554225
Mon Sep 21 12:03:46 2020,0.000000,1.549690
Mon Sep 21 12:03:46 2020,0.000000,1.572174
Mon Sep 21 12:03:46 2020,0.000000,1.552791
Mon Sep 21 12:03:47 2020,0.000000,1.548470
Mon Sep 21 12:03:47 2020,0.000000,1.551588
Mon Sep 21 12:03:47 2020,0.000000,1.566481
Mon Sep 21 12:03:47 2020,0.000000,1.551237
Mon Sep 21 12:03:47 2020,0.000000,1.549823
Mon Sep 21 12:03:47 2020,0.000000,1.553557
Mon Sep 21 12:03:47 2020,0.000000,1.569952
Mon Sep 21 12:03:47 2020,0.000000,1.558627
Mon Sep 21 12:03:47 2020,0.000000,1.556055
Mon Sep 21 12:03:47 2020,0.000000,1.567142
Mon Sep 21 12:03:48 2020,0.000000,1.562583
Mon Sep 21 12:03:48 2020,0.000000,1.571648
Mon Sep 21 12:03:48 2020,0.000000,1.538811
Mon Sep 21 12:03:48 2020,0.000000,1.550519
Mon Sep 21 12:03:48 2020,0.000000,1.562410
Mon Sep 21 12:03:48 2020,0.000000,1.545268
Mon Sep 21 12:03:48 2020,0.000000,1.553494
Mon Sep 21 12:03:48 2020,0.000000,1.550110
Mon Sep 21 12:03:48 2020,0.000000,1.562481
Mon Sep 21 12:03:48 2020,0.000000,1.541855
Mon Sep 21 12:03:49 2020,0.000000,1.540364
Mon Sep 21 12:03:49 2020,0.000000,1.568615
Mon Sep 21 12:03:49 2020,0.000000,1.548655
Mon Sep 21 12:03:49 2020,0.000000,1.548437
Mon Sep 21 12:03:49 2020,0.000000,1.564560
Mon Sep 21 12:03:49 2020,0.000000,1.579403
Mon Sep 21 12:03:49 2020,0.000000,1.571175
Mon Sep 21 12:03:49 2020,0.000000,1.543679
Mon Sep 21 12:03:49 2020,0.000000,1.564005
Mon Sep 21 12:03:50 2020,0.000000,1.555001
Mon Sep 21 12:03:50 2020,0.000000,1.539848
Mon Sep 21 12:03:50 2020,0.000000,1.559968
Mon Sep 21 12:03:50 2020,0.000000,1.561928
Mon Sep 21 12:03:50 2020,0.000000,1.552952
Mon Sep 21 12:03:50 2020,0.000000,1.557843
Mon Sep 21 12:03:50 2020,0.000000,1.555091
Mon Sep 21 12:03:50 2020,0.000000,1.539420
Mon Sep 21 12:03:50 2020,0.000000,1.554210
Mon Sep 21 12:03:50 2020,0.000000,1.550948
Mon Sep 21 12:03:50 2020,0.000000,1.563803
Mon Sep 21 12:03:51 2020,0.000000,1.549509
Mon Sep 21 12:03:51 2020,0.000000,1.545493
Mon Sep 21 12:03:51 2020,0.000000,1.548223
Mon Sep 21 12:03:51 2020,0.000000,1.552896
Mon Sep 21 12:03:51 2020,0.000000,1.539920
Mon Sep 21 12:03:51 2020,0.000000,1.561267
Mon Sep 21 12:03:51 2020,0.000000,1.551865
Mon Sep 21 12:03:51 2020,0.000000,1.551284
Mon Sep 21 12:03:51 2020,0.000000,1.557139
Mon Sep 21 12:03:52 2020,0.000000,1.553217
Mon Sep 21 12:03:52 2020,0.000000,1.556122
Mon Sep 21 12:03:52 2020,0.000000,1.574003
Mon Sep 21 12:03:52 2020,0.000000,1.565006
Mon Sep 21 12:03:52 2020,0.000000,1.530207
Mon Sep 21 12:03:52 2020,0.000000,1.569191
Mon Sep 21 12:03:52 2020,0.000000,1.575896
Mon Sep 21 12:03:52 2020,0.000000,1.548655
Mon Sep 21 12:03:52 2020,0.000000,1.549869
Mon Sep 21 12:03:53 2020,0.000000,1.560700
Mon Sep 21 12:03:53 2020,0.000000,1.555463
Mon Sep 21 12:03:53 2020,0.000000,1.581343
Mon Sep 21 12:03:53 2020,0.000000,1.544686
Mon Sep 21 12:03:53 2020,0.000000,1.541388
Mon Sep 21 12:03:53 2020,0.000000,1.548912
Mon Sep 21 12:03:53 2020,0.000000,1.551371
Mon Sep 21 12:03:53 2020,0.000000,1.580973
Mon Sep 21 12:03:53 2020,0.000000,1.559253
Mon Sep 21 12:03:53 2020,0.000000,1.564527
Mon Sep 21 12:03:53 2020,0.000000,1.561372
Mon Sep 21 12:03:54 2020,0.000000,1.565283
Mon Sep 21 12:03:54 2020,0.000000,1.562073
Mon Sep 21 12:03:54 2020,0.000000,1.565940
Mon Sep 21 12:03:54 2020,0.000000,1.563756
Mon Sep 21 12:03:54 2020,0.000000,1.553201
Mon Sep 21 12:03:54 2020,0.000000,1.555322
Mon Sep 21 12:03:54 2020,0.000000,1.552078
Mon Sep 21 12:03:54 2020,0.000000,1.551285
Mon Sep 21 12:03:54 2020,0.000000,1.545815
Mon Sep 21 12:03:55 2020,0.000000,1.543492
Mon Sep 21 12:03:55 2020,0.000000,1.553182
Mon Sep 21 12:03:55 2020,0.000000,1.552477
Mon Sep 21 12:03:55 2020,0.000000,1.544223
Mon Sep 21 12:03:55 2020,0.000000,1.556226
Mon Sep 21 12:03:55 2020,0.000000,1.559079
Mon Sep 21 12:03:55 2020,0.000000,1.554345
Mon Sep 21 12:03:55 2020,0.000000,1.550007
Mon Sep 21 12:03:55 2020,0.000000,1.562849
Mon Sep 21 12:03:55 2020,0.000000,1.574292
Mon Sep 21 12:03:56 2020,0.000000,1.549985
Mon Sep 21 12:03:56 2020,0.000000,1.556636
Mon Sep 21 12:03:56 2020,0.000000,1.548914
Mon Sep 21 12:03:56 2020,0.000000,1.569679
Mon Sep 21 12:03:56 2020,0.000000,1.559253
Mon Sep 21 12:03:56 2020,0.000000,1.565531
Mon Sep 21 12:03:56 2020,0.000000,1.549644
Mon Sep 21 12:03:56 2020,0.000000,1.543028
Mon Sep 21 12:03:56 2020,0.000000,1.548204
Mon Sep 21 12:03:57 2020,0.000000,1.550039
Mon Sep 21 12:03:57 2020,0.000000,1.543367
Mon Sep 21 12:03:57 2020,0.000000,1.567333
Mon Sep 21 12:03:57 2020,0.000000,1.558766
Mon Sep 21 12:03:57 2020,0.000000,1.547112
Mon Sep 21 12:03:57 2020,0.000000,1.556629
Mon Sep 21 12:03:57 2020,0.000000,1.548442
Mon Sep 21 12:03:57 2020,0.000000,1.561691
Mon Sep 21 12:03:57 2020,0.000000,1.548543
Mon Sep 21 12:03:57 2020,0.000000,1.561854
Mon Sep 21 12:03:58 2020,0.000000,1.558281
Mon Sep 21 12:03:58 2020,0.000000,1.564690
Mon Sep 21 12:03:58 2020,0.000000,1.561461
Mon Sep 21 12:03:58 2020,0.000000,1.551073
Mon Sep 21 12:03:58 2020,0.000000,1.551440
Mon Sep 21 12:03:58 2020,0.000000,1.550095
Mon Sep 21 12:03:58 2020,0.000000,1.547243
Mon Sep 21 12:03:58 2020,0.000000,1.539193
Mon Sep 21 12:03:58 2020,0.000000,1.534661
Mon Sep 21 12:03:59 2020,0.000000,1.554059
Mon Sep 21 12:03:59 2020,0.000000,1.571617
Mon Sep 21 12:03:59 2020,0.000000,1.546361
Mon Sep 21 12:03:59 2020,0.000000,1.561489
Mon Sep 21 12:03:59 2020,0.000000,1.556646
Mon Sep 21 12:03:59 2020,0.000000,1.548311
Mon Sep 21 12:03:59 2020,0.000000,1.557325
Mon Sep 21 12:03:59 2020,0.000000,1.542549
Mon Sep 21 12:03:59 2020,0.000000,1.559387
Mon Sep 21 12:03:59 2020,0.000000,1.560732
Mon Sep 21 12:04:00 2020,0.000000,1.554941
Mon Sep 21 12:04:00 2020,0.000000,1.549384
Mon Sep 21 12:04:00 2020,0.000000,1.580205
Mon Sep 21 12:04:00 2020,0.000000,1.563734
Mon Sep 21 12:04:00 2020,0.000000,1.549728
Mon Sep 21 12:04:00 2020,0.000000,1.574499
Mon Sep 21 12:04:00 2020,0.000000,1.555203
Mon Sep 21 12:04:00 2020,0.000000,1.551669
Mon Sep 21 12:04:00 2020,0.000000,1.560245
Mon Sep 21 12:04:01 2020,0.000000,1.557717
Mon Sep 21 12:04:01 2020,0.000000,1.555713
Mon Sep 21 12:04:01 2020,0.000000,1.566762
Mon Sep 21 12:04:01 2020,0.000000,1.572063
Mon Sep 21 12:04:01 2020,0.000000,1.534384
Mon Sep 21 12:04:01 2020,0.000000,1.565386
Mon Sep 21 12:04:01 2020,0.000000,1.560009
Mon Sep 21 12:04:01 2020,0.000000,1.551245
Mon Sep 21 12:04:01 2020,0.000000,1.557763
Mon Sep 21 12:04:01 2020,0.000000,1.539093
Mon Sep 21 12:04:01 2020,0.000000,1.539494
Mon Sep 21 12:04:02 2020,0.000000,1.535377
Mon Sep 21 12:04:02 2020,0.000000,1.556667
Mon Sep 21 12:04:02 2020,0.000000,1.554708
Mon Sep 21 12:04:02 2020,0.000000,1.562423
Mon Sep 21 12:04:02 2020,0.000000,1.557748
Mon Sep 21 12:04:02 2020,0.000000,1.538755
Mon Sep 21 12:04:02 2020,0.000000,1.553895
Mon Sep 21 12:04:02 2020,0.000000,1.549724
Mon Sep 21 12:04:02 2020,0.000000,1.553968
Mon Sep 21 12:04:03 2020,0.000000,1.537641
Mon Sep 21 12:04:03 2020,0.000000,1.558939
Mon Sep 21 12:04:03 2020,0.000000,1.563178
Mon Sep 21 12:04:03 2020,0.000000,1.560356
Mon Sep 21 12:04:03 2020,0.000000,1.562948
Mon Sep 21 12:04:03 2020,0.000000,1.546867
Mon Sep 21 12:04:03 2020,0.000000,1.544926
Mon Sep 21 12:04:03 2020,0.000000,1.558746
Mon Sep 21 12:04:03 2020,0.000000,1.553035
Mon Sep 21 12:04:03 2020,0.000000,1.566574
Mon Sep 21 12:04:04 2020,0.000000,1.561360
Mon Sep 21 12:04:04 2020,0.000000,1.552773
Mon Sep 21 12:04:04 2020,0.000000,1.558723
Mon Sep 21 12:04:04 2020,0.000000,1.560454
Mon Sep 21 12:04:04 2020,0.000000,1.563466
Mon Sep 21 12:04:04 2020,0.000000,1.560991
Mon Sep 21 12:04:04 2020,0.000000,1.560903
Mon Sep 21 12:04:04 2020,0.000000,1.544177
Mon Sep 21 12:04:04 2020,0.000000,1.558142
Mon Sep 21 12:04:04 2020,0.000000,1.558465
Mon Sep 21 12:04:05 2020,0.000000,1.555680
Mon Sep 21 12:04:05 2020,0.000000,1.541852
Mon Sep 21 12:04:05 2020,0.000000,1.551642
Mon Sep 21 12:04:05 2020,0.000000,1.539310
Mon Sep 21 12:04:05 2020,0.000000,1.568623
Mon Sep 21 12:04:05 2020,0.000000,1.561305
Mon Sep 21 12:04:05 2020,0.000000,1.549589
Mon Sep 21 12:04:05 2020,0.000000,1.571410
Mon Sep 21 12:04:05 2020,0.000000,1.569203
Mon Sep 21 12:04:06 2020,0.000000,1.566255
Mon Sep 21 12:04:06 2020,0.000000,1.528594
Mon Sep 21 12:04:06 2020,0.000000,1.558330
Mon Sep 21 12:04:06 2020,0.000000,1.571048
Mon Sep 21 12:04:06 2020,0.000000,1.560376
Mon Sep 21 12:04:06 2020,0.000000,1.553418
Mon Sep 21 12:04:06 2020,0.000000,1.538254
Mon Sep 21 12:04:06 2020,0.000000,1.559069
Mon Sep 21 12:04:06 2020,0.000000,1.563502
Mon Sep 21 12:04:06 2020,0.000000,1.555970
Mon Sep 21 12:04:07 2020,0.000000,1.558548
Mon Sep 21 12:04:07 2020,0.000000,1.585395
Mon Sep 21 12:04:07 2020,0.000000,1.554707
Mon Sep 21 12:04:07 2020,0.000000,1.567239
Mon Sep 21 12:04:07 2020,0.000000,1.599301
Mon Sep 21 12:04:07 2020,0.000000,1.562871
Mon Sep 21 12:04:07 2020,0.000000,1.570205
Mon Sep 21 12:04:07 2020,0.000000,1.530640
Mon Sep 21 12:04:07 2020,0.000000,1.561631
Mon Sep 21 12:04:07 2020,0.000000,1.556627
Mon Sep 21 12:04:08 2020,0.000000,1.562369
Mon Sep 21 12:04:08 2020,0.000000,1.542989
Mon Sep 21 12:04:08 2020,0.000000,1.564754
Mon Sep 21 12:04:08 2020,0.000000,1.553557
Mon Sep 21 12:04:08 2020,0.000000,1.568002
Mon Sep 21 12:04:08 2020,0.000000,1.541502
Mon Sep 21 12:04:08 2020,0.000000,1.558709
Mon Sep 21 12:04:08 2020,0.000000,1.556312
Mon Sep 21 12:04:08 2020,0.000000,1.544896
Mon Sep 21 12:04:09 2020,0.000000,1.567534
Mon Sep 21 12:04:09 2020,0.000000,1.584840
Mon Sep 21 12:04:09 2020,0.000000,1.555638
Mon Sep 21 12:04:09 2020,0.000000,1.546661
Mon Sep 21 12:04:09 2020,0.000000,1.547724
Mon Sep 21 12:04:09 2020,0.000000,1.561785
Mon Sep 21 12:04:09 2020,0.000000,1.547466
Mon Sep 21 12:04:09 2020,0.000000,1.539039
Mon Sep 21 12:04:09 2020,0.000000,1.560661
Mon Sep 21 12:04:09 2020,0.000000,1.559437
Mon Sep 21 12:04:10 2020,0.000000,1.549141
Mon Sep 21 12:04:10 2020,0.000000,1.546148
Mon Sep 21 12:04:10 2020,0.000000,1.568577
Mon Sep 21 12:04:10 2020,0.000000,1.551360
Mon Sep 21 12:04:10 2020,0.000000,1.542392
Mon Sep 21 12:04:10 2020,0.000000,1.559329
Mon Sep 21 12:04:10 2020,0.000000,1.568339
Mon Sep 21 12:04:10 2020,0.000000,1.563087
Mon Sep 21 12:04:10 2020,0.000000,1.568378
Mon Sep 21 12:04:10 2020,0.000000,1.562487
Mon Sep 21 12:04:11 2020,0.000000,1.551293
Mon Sep 21 12:04:11 2020,0.000000,1.554194
Mon Sep 21 12:04:11 2020,0.000000,1.570959
Mon Sep 21 12:04:11 2020,0.000000,1.557339
Mon Sep 21 12:04:11 2020,0.000000,1.552874
Mon Sep 21 12:04:11 2020,0.000000,1.552094
Mon Sep 21 12:04:11 2020,0.000000,1.545608
Mon Sep 21 12:04:11 2020,0.000000,1.547412
Mon Sep 21 12:04:11 2020,0.000000,1.547289
Mon Sep 21 12:04:11 2020,0.000000,1.562198
Mon Sep 21 12:04:12 2020,0.000000,1.555908
Mon Sep 21 12:04:12 2020,0.000000,1.546335
Mon Sep 21 12:04:12 2020,0.000000,1.554278
Mon Sep 21 12:04:12 2020,0.000000,1.547681
Mon Sep 21 12:04:12 2020,0.000000,1.562669
Mon Sep 21 12:04:12 2020,0.000000,1.563144
Mon Sep 21 12:04:12 2020,0.000000,1.564289
Mon Sep 21 12:04:12 2020,0.000000,1.556471
Mon Sep 21 12:04:12 2020,0.000000,1.546884
Mon Sep 21 12:04:13 2020,0.000000,1.552595
Mon Sep 21 12:04:13 2020,0.000000,1.550881
Mon Sep 21 12:04:13 2020,0.000000,1.550689
Mon Sep 21 12:04:13 2020,0.000000,1.558322
Mon Sep 21 12:04:13 2020,0.000000,1.548814
Mon Sep 21 12:04:13 2020,0.000000,1.563523
Mon Sep 21 12:04:13 2020,0.000000,1.570679
Mon Sep 21 12:04:13 2020,0.000000,1.568775
Mon Sep 21 12:04:13 2020,0.000000,1.550539
Mon Sep 21 12:04:13 2020,0.000000,1.549748
Mon Sep 21 12:04:14 2020,0.000000,1.556857
Mon Sep 21 12:04:14 2020,0.000000,1.551803
Mon Sep 21 12:04:14 2020,0.000000,1.553108
Mon Sep 21 12:04:14 2020,0.000000,1.574296
Mon Sep 21 12:04:14 2020,0.000000,1.546238
Mon Sep 21 12:04:14 2020,0.000000,1.557949
Mon Sep 21 12:04:14 2020,0.000000,1.563431
Mon Sep 21 12:04:14 2020,0.000000,1.553475
Mon Sep 21 12:04:14 2020,0.000000,1.545260
Mon Sep 21 12:04:14 2020,0.000000,1.553682
Mon Sep 21 12:04:15 2020,0.000000,1.558720
Mon Sep 21 12:04:15 2020,0.000000,1.554779
Mon Sep 21 12:04:15 2020,0.000000,1.551625
Mon Sep 21 12:04:15 2020,0.000000,1.560979
Mon Sep 21 12:04:15 2020,0.000000,1.560030
Mon Sep 21 12:04:15 2020,0.000000,1.547539
Mon Sep 21 12:04:15 2020,0.000000,1.550719
Mon Sep 21 12:04:15 2020,0.000000,1.555471
Mon Sep 21 12:04:15 2020,0.000000,1.563007
Mon Sep 21 12:04:16 2020,0.000000,1.566195
Mon Sep 21 12:04:16 2020,0.000000,1.580249
Mon Sep 21 12:04:16 2020,0.000000,1.568867
Mon Sep 21 12:04:16 2020,0.000000,1.555455
Mon Sep 21 12:04:16 2020,0.000000,1.545123
Mon Sep 21 12:04:16 2020,0.000000,1.537504
Mon Sep 21 12:04:16 2020,0.000000,1.552284
Mon Sep 21 12:04:16 2020,0.000000,1.565303
Mon Sep 21 12:04:16 2020,0.000000,1.560457
Mon Sep 21 12:04:16 2020,0.000000,1.549613
Mon Sep 21 12:04:17 2020,0.000000,1.555133
Mon Sep 21 12:04:17 2020,0.000000,1.560748
Mon Sep 21 12:04:17 2020,0.000000,1.564362
Mon Sep 21 12:04:17 2020,0.000000,1.547897
Mon Sep 21 12:04:17 2020,0.000000,1.555910
Mon Sep 21 12:04:17 2020,0.000000,1.559613
Mon Sep 21 12:04:17 2020,0.000000,1.560884
Mon Sep 21 12:04:17 2020,0.000000,1.559964
Mon Sep 21 12:04:17 2020,0.000000,1.558337
Mon Sep 21 12:04:17 2020,0.000000,1.554341
Mon Sep 21 12:04:18 2020,0.000000,1.552304
Mon Sep 21 12:04:18 2020,0.000000,1.544925
Mon Sep 21 12:04:18 2020,0.000000,1.557568
Mon Sep 21 12:04:18 2020,0.000000,1.566392
Mon Sep 21 12:04:18 2020,0.000000,1.557343
Mon Sep 21 12:04:18 2020,0.000000,1.551847
Mon Sep 21 12:04:18 2020,0.000000,1.569231
Mon Sep 21 12:04:18 2020,0.000000,1.559854
Mon Sep 21 12:04:18 2020,0.000000,1.571043
Mon Sep 21 12:04:19 2020,0.000000,1.560272
Mon Sep 21 12:04:19 2020,0.000000,1.569187
Mon Sep 21 12:04:19 2020,0.000000,1.561525
Mon Sep 21 12:04:19 2020,0.000000,1.560364
Mon Sep 21 12:04:19 2020,0.000000,1.570046
Mon Sep 21 12:04:19 2020,0.000000,1.557574
Mon Sep 21 12:04:19 2020,0.000000,1.538399
Mon Sep 21 12:04:19 2020,0.000000,1.549545
Mon Sep 21 12:04:19 2020,0.000000,1.586848
Mon Sep 21 12:04:19 2020,0.000000,1.552060
Mon Sep 21 12:04:20 2020,0.000000,1.549126
Mon Sep 21 12:04:20 2020,0.000000,1.535017
Mon Sep 21 12:04:20 2020,0.000000,1.546874
Mon Sep 21 12:04:20 2020,0.000000,1.573023
Mon Sep 21 12:04:20 2020,0.000000,1.551585
Mon Sep 21 12:04:20 2020,0.000000,1.567243
Mon Sep 21 12:04:20 2020,0.000000,1.567766
Mon Sep 21 12:04:20 2020,0.000000,1.548630
Mon Sep 21 12:04:20 2020,0.000000,1.556098
Mon Sep 21 12:04:21 2020,0.000000,1.563599
Mon Sep 21 12:04:21 2020,0.000000,1.568043
Mon Sep 21 12:04:21 2020,0.000000,1.554518
Mon Sep 21 12:04:21 2020,0.000000,1.540839
Mon Sep 21 12:04:21 2020,0.000000,1.552733
Mon Sep 21 12:04:21 2020,0.000000,1.569420
Mon Sep 21 12:04:21 2020,0.000000,1.564387
Mon Sep 21 12:04:21 2020,0.000000,1.543752
Mon Sep 21 12:04:21 2020,0.000000,1.558848
Mon Sep 21 12:04:21 2020,0.000000,1.556201
Mon Sep 21 12:04:22 2020,0.000000,1.559924
Mon Sep 21 12:04:22 2020,0.000000,1.549450
Mon Sep 21 12:04:22 2020,0.000000,1.566862
Mon Sep 21 12:04:22 2020,0.000000,1.560532
Mon Sep 21 12:04:22 2020,0.000000,1.561930
Mon Sep 21 12:04:22 2020,0.000000,1.562111
Mon Sep 21 12:04:22 2020,0.000000,1.566694
Mon Sep 21 12:04:22 2020,0.000000,1.554170
Mon Sep 21 12:04:22 2020,0.000000,1.557839
Mon Sep 21 12:04:22 2020,0.000000,1.560495
Mon Sep 21 12:04:23 2020,0.000000,1.550708
Mon Sep 21 12:04:23 2020,0.000000,1.540991
Mon Sep 21 12:04:23 2020,0.000000,1.543566
Mon Sep 21 12:04:23 2020,0.000000,1.540724
Mon Sep 21 12:04:23 2020,0.000000,1.536065
Mon Sep 21 12:04:23 2020,0.000000,1.541639
Mon Sep 21 12:04:23 2020,0.000000,1.534965
Mon Sep 21 12:04:23 2020,0.000000,1.537772
Mon Sep 21 12:04:23 2020,0.000000,1.547550
Mon Sep 21 12:04:24 2020,0.000000,1.534964
Mon Sep 21 12:04:24 2020,0.000000,1.554348
Mon Sep 21 12:04:24 2020,0.000000,1.545191
Mon Sep 21 12:04:24 2020,0.000000,1.541659
Mon Sep 21 12:04:24 2020,0.000000,1.534057
Mon Sep 21 12:04:24 2020,0.000000,1.560610
Mon Sep 21 12:04:24 2020,0.000000,1.546245
Mon Sep 21 12:04:24 2020,0.000000,1.547355
Mon Sep 21 12:04:24 2020,0.000000,1.541235
Mon Sep 21 12:04:24 2020,0.000000,1.549724
Mon Sep 21 12:04:25 2020,0.000000,1.552274
Mon Sep 21 12:04:25 2020,0.000000,1.531302
Mon Sep 21 12:04:25 2020,0.000000,1.534059
Mon Sep 21 12:04:25 2020,0.000000,1.544458
Mon Sep 21 12:04:25 2020,0.000000,1.540897
Mon Sep 21 12:04:25 2020,0.000000,1.534321
Mon Sep 21 12:04:25 2020,0.000000,1.540409
Mon Sep 21 12:04:25 2020,0.000000,1.521787
Mon Sep 21 12:04:25 2020,0.000000,1.544528
Mon Sep 21 12:04:25 2020,0.000000,1.534892
Mon Sep 21 12:04:26 2020,0.000000,1.535276
Mon Sep 21 12:04:26 2020,0.000000,1.521779
Mon Sep 21 12:04:26 2020,0.000000,1.535034
Mon Sep 21 12:04:26 2020,0.000000,1.512962
Mon Sep 21 12:04:26 2020,0.000000,1.523019
Mon Sep 21 12:04:26 2020,0.000000,1.539346
Mon Sep 21 12:04:26 2020,0.000000,1.510707
Mon Sep 21 12:04:26 2020,0.000000,1.526859
Mon Sep 21 12:04:26 2020,0.000000,1.523682
Mon Sep 21 12:04:27 2020,0.000000,1.522074
Mon Sep 21 12:04:27 2020,0.000000,1.509183
Mon Sep 21 12:04:27 2020,0.000000,1.508973
Mon Sep 21 12:04:27 2020,0.000000,1.514364
Mon Sep 21 12:04:27 2020,0.000000,1.521220
Mon Sep 21 12:04:27 2020,0.000000,1.508155
Mon Sep 21 12:04:27 2020,0.000000,1.489075
Mon Sep 21 12:04:27 2020,0.000000,1.502210
Mon Sep 21 12:04:27 2020,0.000000,1.485212
Mon Sep 21 12:04:27 2020,0.000000,1.501034
Mon Sep 21 12:04:28 2020,0.000000,1.504831
Mon Sep 21 12:04:28 2020,0.000000,1.504044
Mon Sep 21 12:04:28 2020,0.000000,1.496409
Mon Sep 21 12:04:28 2020,0.000000,1.486683
Mon Sep 21 12:04:28 2020,0.000000,1.496731
Mon Sep 21 12:04:28 2020,0.000000,1.521884
Mon Sep 21 12:04:28 2020,0.000000,1.508476
Mon Sep 21 12:04:28 2020,0.000000,1.492355
Mon Sep 21 12:04:28 2020,0.000000,1.487740
Mon Sep 21 12:04:28 2020,0.000000,1.500185
Mon Sep 21 12:04:29 2020,0.000000,1.512684
Mon Sep 21 12:04:29 2020,0.000000,1.491194
Mon Sep 21 12:04:29 2020,0.000000,1.494206
Mon Sep 21 12:04:29 2020,0.000000,1.505377
Mon Sep 21 12:04:29 2020,0.000000,1.489756
Mon Sep 21 12:04:29 2020,0.000000,1.513009
Mon Sep 21 12:04:29 2020,0.000000,1.486290
Mon Sep 21 12:04:29 2020,0.000000,1.493852
Mon Sep 21 12:04:29 2020,0.000000,1.509849
Mon Sep 21 12:04:30 2020,0.000000,1.509798
Mon Sep 21 12:04:30 2020,0.000000,1.497077
Mon Sep 21 12:04:30 2020,0.000000,1.495517
Mon Sep 21 12:04:30 2020,0.000000,1.506413
Mon Sep 21 12:04:30 2020,0.000000,1.484564
Mon Sep 21 12:04:30 2020,0.000000,1.504119
Mon Sep 21 12:04:30 2020,0.000000,1.487525
Mon Sep 21 12:04:30 2020,0.000000,1.508813
Mon Sep 21 12:04:30 2020,0.000000,1.504781
Mon Sep 21 12:04:30 2020,0.000000,1.507964
Mon Sep 21 12:04:31 2020,0.000000,1.515111
Mon Sep 21 12:04:31 2020,0.000000,1.508240
Mon Sep 21 12:04:31 2020,0.000000,1.508895
Mon Sep 21 12:04:31 2020,0.000000,1.508129
Mon Sep 21 12:04:31 2020,0.000000,1.508413
Mon Sep 21 12:04:31 2020,0.000000,1.515394
Mon Sep 21 12:04:31 2020,0.000000,1.514253
Mon Sep 21 12:04:31 2020,0.000000,1.522658
Mon Sep 21 12:04:31 2020,0.000000,1.522653
Mon Sep 21 12:04:31 2020,0.000000,1.524285
Mon Sep 21 12:04:32 2020,0.000000,1.517535
Mon Sep 21 12:04:32 2020,0.000000,1.496628
Mon Sep 21 12:04:32 2020,0.000000,1.516723
Mon Sep 21 12:04:32 2020,0.000000,1.527941
Mon Sep 21 12:04:32 2020,0.000000,1.522270
Mon Sep 21 12:04:32 2020,0.000000,1.533723
Mon Sep 21 12:04:32 2020,0.000000,1.528273
Mon Sep 21 12:04:32 2020,0.000000,1.536324
Mon Sep 21 12:04:32 2020,0.000000,1.538381
Mon Sep 21 12:04:33 2020,0.000000,1.520815
Mon Sep 21 12:04:33 2020,0.000000,1.532114
Mon Sep 21 12:04:33 2020,0.000000,1.527308
Mon Sep 21 12:04:33 2020,0.000000,1.530926
Mon Sep 21 12:04:33 2020,0.000000,1.545410
Mon Sep 21 12:04:33 2020,0.000000,1.538416
Mon Sep 21 12:04:33 2020,0.000000,1.533118
Mon Sep 21 12:04:33 2020,0.000000,1.532319
Mon Sep 21 12:04:33 2020,0.000000,1.547341
Mon Sep 21 12:04:33 2020,0.000000,1.547378
Mon Sep 21 12:04:34 2020,0.000000,1.544371
Mon Sep 21 12:04:34 2020,0.000000,1.547211
Mon Sep 21 12:04:34 2020,0.000000,1.535632
Mon Sep 21 12:04:34 2020,0.000000,1.538634
Mon Sep 21 12:04:34 2020,0.000000,1.532339
Mon Sep 21 12:04:34 2020,0.000000,1.541124
Mon Sep 21 12:04:34 2020,0.000000,1.541048
Mon Sep 21 12:04:34 2020,0.000000,1.550320
Mon Sep 21 12:04:34 2020,0.000000,1.548118
Mon Sep 21 12:04:34 2020,0.000000,1.537775
Mon Sep 21 12:04:35 2020,0.000000,1.558047
Mon Sep 21 12:04:35 2020,0.000000,1.559717
Mon Sep 21 12:04:35 2020,0.000000,1.543012
Mon Sep 21 12:04:35 2020,0.000000,1.539156
Mon Sep 21 12:04:35 2020,0.000000,1.540464
Mon Sep 21 12:04:35 2020,0.000000,1.539444
Mon Sep 21 12:04:35 2020,0.000000,1.535565
Mon Sep 21 12:04:35 2020,0.000000,1.548689
Mon Sep 21 12:04:35 2020,0.000000,1.529449
Mon Sep 21 12:04:36 2020,0.000000,1.560210
Mon Sep 21 12:04:36 2020,0.000000,1.553036
Mon Sep 21 12:04:36 2020,0.000000,1.543424
Mon Sep 21 12:04:36 2020,0.000000,1.556468
Mon Sep 21 12:04:36 2020,0.000000,1.553949
Mon Sep 21 12:04:36 2020,0.000000,1.557866
Mon Sep 21 12:04:36 2020,0.000000,1.540768
Mon Sep 21 12:04:36 2020,0.000000,1.543177
Mon Sep 21 12:04:36 2020,0.000000,1.550044
Mon Sep 21 12:04:36 2020,0.000000,1.531880
Mon Sep 21 12:04:37 2020,0.000000,1.537973
Mon Sep 21 12:04:37 2020,0.000000,1.547598
Mon Sep 21 12:04:37 2020,0.000000,1.544977
Mon Sep 21 12:04:37 2020,0.000000,1.544117
Mon Sep 21 12:04:37 2020,0.000000,1.544717
Mon Sep 21 12:04:37 2020,0.000000,1.537331
Mon Sep 21 12:04:37 2020,0.000000,1.523439
Mon Sep 21 12:04:37 2020,0.000000,1.541595
Mon Sep 21 12:04:37 2020,0.000000,1.522047
Mon Sep 21 12:04:37 2020,0.000000,1.530835
Mon Sep 21 12:04:38 2020,0.000000,1.526152
Mon Sep 21 12:04:38 2020,0.000000,1.521760
Mon Sep 21 12:04:38 2020,0.000000,1.539809
Mon Sep 21 12:04:38 2020,0.000000,1.522587
Mon Sep 21 12:04:38 2020,0.000000,1.531392
Mon Sep 21 12:04:38 2020,0.000000,1.528149
Mon Sep 21 12:04:38 2020,0.000000,1.523344
Mon Sep 21 12:04:38 2020,0.000000,1.513975
Mon Sep 21 12:04:38 2020,0.000000,1.502605
Mon Sep 21 12:04:39 2020,0.000000,1.511820
Mon Sep 21 12:04:39 2020,0.000000,1.526330
Mon Sep 21 12:04:39 2020,0.000000,1.518457
Mon Sep 21 12:04:39 2020,0.000000,1.515089
Mon Sep 21 12:04:39 2020,0.000000,1.513266
Mon Sep 21 12:04:39 2020,0.000000,1.537381
Mon Sep 21 12:04:39 2020,0.000000,1.511251
Mon Sep 21 12:04:39 2020,0.000000,1.524181
Mon Sep 21 12:04:39 2020,0.000000,1.531504
Mon Sep 21 12:04:39 2020,0.000000,1.527640
Mon Sep 21 12:04:40 2020,0.000000,1.509429
Mon Sep 21 12:04:40 2020,0.000000,1.522433
Mon Sep 21 12:04:40 2020,0.000000,1.525681
Mon Sep 21 12:04:40 2020,0.000000,1.508417
Mon Sep 21 12:04:40 2020,0.000000,1.532031
Mon Sep 21 12:04:40 2020,0.000000,1.499717
Mon Sep 21 12:04:40 2020,0.000000,1.547489
Mon Sep 21 12:04:40 2020,0.000000,1.520639
Mon Sep 21 12:04:40 2020,0.000000,1.535015
Mon Sep 21 12:04:41 2020,0.000000,1.509776
Mon Sep 21 12:04:41 2020,0.000000,1.528724
Mon Sep 21 12:04:41 2020,0.000000,1.546729
Mon Sep 21 12:04:41 2020,0.000000,1.525060
Mon Sep 21 12:04:41 2020,0.000000,1.538176
Mon Sep 21 12:04:41 2020,0.000000,1.523316
Mon Sep 21 12:04:41 2020,0.000000,1.556113
Mon Sep 21 12:04:41 2020,0.000000,1.538020
Mon Sep 21 12:04:41 2020,0.000000,1.539918
Mon Sep 21 12:04:41 2020,0.000000,1.529059
Mon Sep 21 12:04:42 2020,0.000000,1.535680
Mon Sep 21 12:04:42 2020,0.000000,1.532149
Mon Sep 21 12:04:42 2020,0.000000,1.536703
Mon Sep 21 12:04:42 2020,0.000000,1.529326
Mon Sep 21 12:04:42 2020,0.000000,1.548784
Mon Sep 21 12:04:42 2020,0.000000,1.530123
Mon Sep 21 12:04:42 2020,0.000000,1.533283
Mon Sep 21 12:04:42 2020,0.000000,1.525008
Mon Sep 21 12:04:42 2020,0.000000,1.523867
Mon Sep 21 12:04:42 2020,0.000000,1.536599
Mon Sep 21 12:04:43 2020,0.000000,1.518942
Mon Sep 21 12:04:43 2020,0.000000,1.522419
Mon Sep 21 12:04:43 2020,0.000000,1.538090
Mon Sep 21 12:04:43 2020,0.000000,1.529477
Mon Sep 21 12:04:43 2020,0.000000,1.536130
Mon Sep 21 12:04:43 2020,0.000000,1.564130
Mon Sep 21 12:04:43 2020,0.000000,1.538054
Mon Sep 21 12:04:43 2020,0.000000,1.549403
Mon Sep 21 12:04:43 2020,0.000000,1.551057
Mon Sep 21 12:04:44 2020,0.000000,1.552203
Mon Sep 21 12:04:44 2020,0.000000,1.549580
Mon Sep 21 12:04:44 2020,0.000000,1.550663
Mon Sep 21 12:04:44 2020,0.000000,1.531266
Mon Sep 21 12:04:44 2020,0.000000,1.562664
Mon Sep 21 12:04:44 2020,0.000000,1.540274
Mon Sep 21 12:04:44 2020,0.000000,1.553382
Mon Sep 21 12:04:44 2020,0.000000,1.548731
Mon Sep 21 12:04:44 2020,0.000000,1.535123
Mon Sep 21 12:04:44 2020,0.000000,1.564961
Mon Sep 21 12:04:45 2020,0.000000,1.565309
Mon Sep 21 12:04:45 2020,0.000000,1.533004
Mon Sep 21 12:04:45 2020,0.000000,1.541632
Mon Sep 21 12:04:45 2020,0.000000,1.564967
Mon Sep 21 12:04:45 2020,0.000000,1.537369
Mon Sep 21 12:04:45 2020,0.000000,1.553300
Mon Sep 21 12:04:45 2020,0.000000,1.542003
Mon Sep 21 12:04:45 2020,0.000000,1.544498
Mon Sep 21 12:04:45 2020,0.000000,1.553212
Mon Sep 21 12:04:45 2020,0.000000,1.544012
Mon Sep 21 12:04:46 2020,0.000000,1.565570
Mon Sep 21 12:04:46 2020,0.000000,1.561248
Mon Sep 21 12:04:46 2020,0.000000,1.565541
Mon Sep 21 12:04:46 2020,0.000000,1.568095
Mon Sep 21 12:04:46 2020,0.000000,1.555508
Mon Sep 21 12:04:46 2020,0.000000,1.562700
Mon Sep 21 12:04:46 2020,0.000000,1.553152
Mon Sep 21 12:04:46 2020,0.000000,1.554726
Mon Sep 21 12:04:46 2020,0.000000,1.556767
Mon Sep 21 12:04:47 2020,0.000000,1.546677
Mon Sep 21 12:04:47 2020,0.000000,1.534803
Mon Sep 21 12:04:47 2020,0.000000,1.564719
Mon Sep 21 12:04:47 2020,0.000000,1.572988
Mon Sep 21 12:04:47 2020,0.000000,1.543879
Mon Sep 21 12:04:47 2020,0.000000,1.536628
Mon Sep 21 12:04:47 2020,0.000000,1.555689
Mon Sep 21 12:04:47 2020,0.000000,1.550187
Mon Sep 21 12:04:47 2020,0.000000,1.570336
Mon Sep 21 12:04:47 2020,0.000000,1.547338
Mon Sep 21 12:04:48 2020,0.000000,1.549420
Mon Sep 21 12:04:48 2020,0.000000,1.557280
Mon Sep 21 12:04:48 2020,0.000000,1.539926
Mon Sep 21 12:04:48 2020,0.000000,1.551968
Mon Sep 21 12:04:48 2020,0.000000,1.570904
Mon Sep 21 12:04:48 2020,0.000000,1.554258
Mon Sep 21 12:04:48 2020,0.000000,1.554271
Mon Sep 21 12:04:48 2020,0.000000,1.559316
Mon Sep 21 12:04:48 2020,0.000000,1.555082
Mon Sep 21 12:04:48 2020,0.000000,1.550524
Mon Sep 21 12:04:49 2020,0.000000,1.571114
Mon Sep 21 12:04:49 2020,0.000000,1.555917
Mon Sep 21 12:04:49 2020,0.000000,1.551652
Mon Sep 21 12:04:49 2020,0.000000,1.559904
Mon Sep 21 12:04:49 2020,0.000000,1.537793
Mon Sep 21 12:04:49 2020,0.000000,1.543365
Mon Sep 21 12:04:49 2020,0.000000,1.558639
Mon Sep 21 12:04:49 2020,0.000000,1.545840
Mon Sep 21 12:04:49 2020,0.000000,1.564744
Mon Sep 21 12:04:50 2020,0.000000,1.554708
Mon Sep 21 12:04:50 2020,0.000000,1.553352
Mon Sep 21 12:04:50 2020,0.000000,1.554681
Mon Sep 21 12:04:50 2020,0.000000,1.554040
Mon Sep 21 12:04:50 2020,0.000000,1.560820
Mon Sep 21 12:04:50 2020,0.000000,1.562553
Mon Sep 21 12:04:50 2020,0.000000,1.547124
Mon Sep 21 12:04:50 2020,0.000000,1.546339
Mon Sep 21 12:04:50 2020,0.000000,1.565537
Mon Sep 21 12:04:50 2020,0.000000,1.575704
Mon Sep 21 12:04:51 2020,0.000000,1.558786
Mon Sep 21 12:04:51 2020,0.000000,1.553911
Mon Sep 21 12:04:51 2020,0.000000,1.548849
Mon Sep 21 12:04:51 2020,0.000000,1.564647
Mon Sep 21 12:04:51 2020,0.000000,1.565396
Mon Sep 21 12:04:51 2020,0.000000,1.554707
Mon Sep 21 12:04:51 2020,0.000000,1.563310
Mon Sep 21 12:04:51 2020,0.000000,1.567312
Mon Sep 21 12:04:51 2020,0.000000,1.552273
Mon Sep 21 12:04:51 2020,0.000000,1.569516
Mon Sep 21 12:04:52 2020,0.000000,1.556242
Mon Sep 21 12:04:52 2020,0.000000,1.555396
Mon Sep 21 12:04:52 2020,0.000000,1.550020
Mon Sep 21 12:04:52 2020,0.000000,1.554523
Mon Sep 21 12:04:52 2020,0.000000,1.551636
Mon Sep 21 12:04:52 2020,0.000000,1.545575
Mon Sep 21 12:04:52 2020,0.000000,1.552827
Mon Sep 21 12:04:52 2020,0.000000,1.554888
Mon Sep 21 12:04:52 2020,0.000000,1.559319
Mon Sep 21 12:04:53 2020,0.000000,1.554117
Mon Sep 21 12:04:53 2020,0.000000,1.560289
Mon Sep 21 12:04:53 2020,0.000000,1.573379
Mon Sep 21 12:04:53 2020,0.000000,1.537686
Mon Sep 21 12:04:53 2020,0.000000,1.560585
Mon Sep 21 12:04:53 2020,0.000000,1.548394
Mon Sep 21 12:04:53 2020,0.000000,1.566040
Mon Sep 21 12:04:53 2020,0.000000,1.553471
Mon Sep 21 12:04:53 2020,0.000000,1.564733
Mon Sep 21 12:04:53 2020,0.000000,1.553365
Mon Sep 21 12:04:54 2020,0.000000,1.544067
Mon Sep 21 12:04:54 2020,0.000000,1.559930
Mon Sep 21 12:04:54 2020,0.000000,1.552073
Mon Sep 21 12:04:54 2020,0.000000,1.558969
Mon Sep 21 12:04:54 2020,0.000000,1.567911
Mon Sep 21 12:04:54 2020,0.000000,1.568412
Mon Sep 21 12:04:54 2020,0.000000,1.551086
Mon Sep 21 12:04:54 2020,0.000000,1.561409
Mon Sep 21 12:04:54 2020,0.000000,1.543187
Mon Sep 21 12:04:55 2020,0.000000,1.551530
Mon Sep 21 12:04:55 2020,0.000000,1.563098
Mon Sep 21 12:04:55 2020,0.000000,1.554804
Mon Sep 21 12:04:55 2020,0.000000,1.576459
Mon Sep 21 12:04:55 2020,0.000000,1.547036
Mon Sep 21 12:04:55 2020,0.000000,1.559527
Mon Sep 21 12:04:55 2020,0.000000,1.547479
Mon Sep 21 12:04:55 2020,0.000000,1.562228
Mon Sep 21 12:04:55 2020,0.000000,1.559119
Mon Sep 21 12:04:55 2020,0.000000,1.564146
Mon Sep 21 12:04:56 2020,0.000000,1.559404
Mon Sep 21 12:04:56 2020,0.000000,1.547422
Mon Sep 21 12:04:56 2020,0.000000,1.572317
Mon Sep 21 12:04:56 2020,0.000000,1.584112
Mon Sep 21 12:04:56 2020,0.000000,1.565857
Mon Sep 21 12:04:56 2020,0.000000,1.566983
Mon Sep 21 12:04:56 2020,0.000000,1.554900
Mon Sep 21 12:04:56 2020,0.000000,1.535338
Mon Sep 21 12:04:56 2020,0.000000,1.563812
Mon Sep 21 12:04:56 2020,0.000000,1.543714
Mon Sep 21 12:04:57 2020,0.000000,1.563336
Mon Sep 21 12:04:57 2020,0.000000,1.565654
Mon Sep 21 12:04:57 2020,0.000000,1.557351
Mon Sep 21 12:04:57 2020,0.000000,1.568315
Mon Sep 21 12:04:57 2020,0.000000,1.559735
Mon Sep 21 12:04:57 2020,0.000000,1.547820
Mon Sep 21 12:04:57 2020,0.000000,1.551603
Mon Sep 21 12:04:57 2020,0.000000,1.560405
Mon Sep 21 12:04:57 2020,0.000000,1.542563
Mon Sep 21 12:04:58 2020,0.000000,1.566676
Mon Sep 21 12:04:58 2020,0.000000,1.551074
Mon Sep 21 12:04:58 2020,0.000000,1.563146
Mon Sep 21 12:04:58 2020,0.000000,1.564680
Mon Sep 21 12:04:58 2020,0.000000,1.554449
Mon Sep 21 12:04:58 2020,0.000000,1.561582
Mon Sep 21 12:04:58 2020,0.000000,1.554574
Mon Sep 21 12:04:58 2020,0.000000,1.552397
Mon Sep 21 12:04:58 2020,0.000000,1.540959
Mon Sep 21 12:04:58 2020,0.000000,1.551235
Mon Sep 21 12:04:59 2020,0.000000,1.555072
Mon Sep 21 12:04:59 2020,0.000000,1.541541
Mon Sep 21 12:04:59 2020,0.000000,1.560569
Mon Sep 21 12:04:59 2020,0.000000,1.560991
Mon Sep 21 12:04:59 2020,0.000000,1.559451
Mon Sep 21 12:04:59 2020,0.000000,1.584467
Mon Sep 21 12:04:59 2020,0.000000,1.549996
Mon Sep 21 12:04:59 2020,0.000000,1.551988
Mon Sep 21 12:04:59 2020,0.000000,1.555599
Mon Sep 21 12:05:00 2020,0.000000,1.550760
Mon Sep 21 12:05:00 2020,0.000000,1.519522
Mon Sep 21 12:05:00 2020,0.000000,1.556775
Mon Sep 21 12:05:00 2020,0.000000,1.570283
Mon Sep 21 12:05:00 2020,0.000000,1.562855
Mon Sep 21 12:05:00 2020,0.000000,1.547525
Mon Sep 21 12:05:00 2020,0.000000,1.550765
Mon Sep 21 12:05:00 2020,0.000000,1.549225
Mon Sep 21 12:05:00 2020,0.000000,1.560885
Mon Sep 21 12:05:01 2020,0.000000,1.559216
Mon Sep 21 12:05:01 2020,0.000000,1.557593
Mon Sep 21 12:05:01 2020,0.000000,1.554629
Mon Sep 21 12:05:01 2020,0.000000,1.565199
Mon Sep 21 12:05:01 2020,0.000000,1.551751
Mon Sep 21 12:05:01 2020,0.000000,1.559566
Mon Sep 21 12:05:01 2020,0.000000,1.556321
Mon Sep 21 12:05:01 2020,0.000000,1.565565
Mon Sep 21 12:05:01 2020,0.000000,1.572073
Mon Sep 21 12:05:02 2020,0.000000,1.555086
Mon Sep 21 12:05:02 2020,0.000000,1.561566
Mon Sep 21 12:05:02 2020,0.000000,1.549134
Mon Sep 21 12:05:02 2020,0.000000,1.549015
Mon Sep 21 12:05:02 2020,0.000000,1.558573
Mon Sep 21 12:05:02 2020,0.000000,1.555350
Mon Sep 21 12:05:02 2020,0.000000,1.573706
Mon Sep 21 12:05:02 2020,0.000000,1.560685
Mon Sep 21 12:05:02 2020,0.000000,1.527706
Mon Sep 21 12:05:03 2020,0.000000,1.559669
Mon Sep 21 12:05:03 2020,0.000000,1.563896
Mon Sep 21 12:05:03 2020,0.000000,1.546824
Mon Sep 21 12:05:03 2020,0.000000,1.554514
Mon Sep 21 12:05:03 2020,0.000000,1.543547
Mon Sep 21 12:05:03 2020,0.000000,1.546436
Mon Sep 21 12:05:03 2020,0.000000,1.559777
Mon Sep 21 12:05:03 2020,0.000000,1.558167
Mon Sep 21 12:05:03 2020,0.000000,1.548835
Mon Sep 21 12:05:04 2020,0.000000,1.550046
Mon Sep 21 12:05:04 2020,0.000000,1.552770
Mon Sep 21 12:05:04 2020,0.000000,1.552297
Mon Sep 21 12:05:04 2020,0.000000,1.553186
Mon Sep 21 12:05:04 2020,0.000000,1.563221
Mon Sep 21 12:05:04 2020,0.000000,1.557591
Mon Sep 21 12:05:04 2020,0.000000,1.549298
Mon Sep 21 12:05:04 2020,0.000000,1.549513
Mon Sep 21 12:05:04 2020,0.000000,1.568247
Mon Sep 21 12:05:04 2020,0.000000,1.541052
Mon Sep 21 12:05:05 2020,0.000000,1.540204
Mon Sep 21 12:05:05 2020,0.000000,1.559368
Mon Sep 21 12:05:05 2020,0.000000,1.545233
Mon Sep 21 12:05:05 2020,0.000000,1.565727
Mon Sep 21 12:05:05 2020,0.000000,1.549717
Mon Sep 21 12:05:05 2020,0.000000,1.540612
Mon Sep 21 12:05:05 2020,0.000000,1.532807
Mon Sep 21 12:05:05 2020,0.000000,1.553334
Mon Sep 21 12:05:05 2020,0.000000,1.540360
Mon Sep 21 12:05:06 2020,0.000000,1.542179
Mon Sep 21 12:05:06 2020,0.000000,1.549349
Mon Sep 21 12:05:06 2020,0.000000,1.538299
Mon Sep 21 12:05:06 2020,0.000000,1.553808
Mon Sep 21 12:05:06 2020,0.000000,1.547800
Mon Sep 21 12:05:06 2020,0.000000,1.552243
Mon Sep 21 12:05:06 2020,0.000000,1.553630
Mon Sep 21 12:05:06 2020,0.000000,1.542017
Mon Sep 21 12:05:06 2020,0.000000,1.538437
Mon Sep 21 12:05:07 2020,0.000000,1.540654
Mon Sep 21 12:05:07 2020,0.000000,1.556088
Mon Sep 21 12:05:07 2020,0.000000,1.553969
Mon Sep 21 12:05:07 2020,0.000000,1.540321
Mon Sep 21 12:05:07 2020,0.000000,1.575596
Mon Sep 21 12:05:07 2020,0.000000,1.545623
Mon Sep 21 12:05:07 2020,0.000000,1.528131
Mon Sep 21 12:05:07 2020,0.000000,1.562719
Mon Sep 21 12:05:07 2020,0.000000,1.539277
Mon Sep 21 12:05:07 2020,0.000000,1.542584
Mon Sep 21 12:05:08 2020,0.000000,1.540582
Mon Sep 21 12:05:08 2020,0.000000,1.554096
Mon Sep 21 12:05:08 2020,0.000000,1.546595
Mon Sep 21 12:05:08 2020,0.000000,1.543966
Mon Sep 21 12:05:08 2020,0.000000,1.544564
Mon Sep 21 12:05:08 2020,0.000000,1.554153
Mon Sep 21 12:05:08 2020,0.000000,1.556512
Mon Sep 21 12:05:08 2020,0.000000,1.551123
Mon Sep 21 12:05:08 2020,0.000000,1.558282
Mon Sep 21 12:05:09 2020,0.000000,1.548938
Mon Sep 21 12:05:09 2020,0.000000,1.555729
Mon Sep 21 12:05:09 2020,0.000000,1.549891
Mon Sep 21 12:05:09 2020,0.000000,1.560610
Mon Sep 21 12:05:09 2020,0.000000,1.532442
Mon Sep 21 12:05:09 2020,0.000000,1.546447
Mon Sep 21 12:05:09 2020,0.000000,1.572092
Mon Sep 21 12:05:09 2020,0.000000,1.558576
Mon Sep 21 12:05:09 2020,0.000000,1.562002
Mon Sep 21 12:05:09 2020,0.000000,1.554242
Mon Sep 21 12:05:10 2020,0.000000,1.551876
Mon Sep 21 12:05:10 2020,0.000000,1.563694
Mon Sep 21 12:05:10 2020,0.000000,1.571098
Mon Sep 21 12:05:10 2020,0.000000,1.552128
Mon Sep 21 12:05:10 2020,0.000000,1.567256
Mon Sep 21 12:05:10 2020,0.000000,1.546384
Mon Sep 21 12:05:10 2020,0.000000,1.560059
Mon Sep 21 12:05:10 2020,0.000000,1.571517
Mon Sep 21 12:05:10 2020,0.000000,1.564414
Mon Sep 21 12:05:11 2020,0.000000,1.546949
Mon Sep 21 12:05:11 2020,0.000000,1.540752
Mon Sep 21 12:05:11 2020,0.000000,1.570935
Mon Sep 21 12:05:11 2020,0.000000,1.566205
Mon Sep 21 12:05:11 2020,0.000000,1.556233
Mon Sep 21 12:05:11 2020,0.000000,1.550831
Mon Sep 21 12:05:11 2020,0.000000,1.560105
Mon Sep 21 12:05:11 2020,0.000000,1.551392
Mon Sep 21 12:05:11 2020,0.000000,1.545371
Mon Sep 21 12:05:12 2020,0.000000,1.552087
Mon Sep 21 12:05:12 2020,0.000000,1.553463
Mon Sep 21 12:05:12 2020,0.000000,1.544043
Mon Sep 21 12:05:12 2020,0.000000,1.544167
Mon Sep 21 12:05:12 2020,0.000000,1.559703
Mon Sep 21 12:05:12 2020,0.000000,1.555766
Mon Sep 21 12:05:12 2020,0.000000,1.566510
Mon Sep 21 12:05:12 2020,0.000000,1.555727
Mon Sep 21 12:05:12 2020,0.000000,1.564444
Mon Sep 21 12:05:12 2020,0.000000,1.561840
Mon Sep 21 12:05:13 2020,0.000000,1.552834
Mon Sep 21 12:05:13 2020,0.000000,1.563854
Mon Sep 21 12:05:13 2020,0.000000,1.539839
Mon Sep 21 12:05:13 2020,0.000000,1.568025
Mon Sep 21 12:05:13 2020,0.000000,1.553708
Mon Sep 21 12:05:13 2020,0.000000,1.536085
Mon Sep 21 12:05:13 2020,0.000000,1.569223
Mon Sep 21 12:05:13 2020,0.000000,1.559152
Mon Sep 21 12:05:13 2020,0.000000,1.561215
Mon Sep 21 12:05:14 2020,0.000000,1.546530
Mon Sep 21 12:05:14 2020,0.000000,1.566681
Mon Sep 21 12:05:14 2020,0.000000,1.573091
Mon Sep 21 12:05:14 2020,0.000000,1.549518
Mon Sep 21 12:05:14 2020,0.000000,1.549700
Mon Sep 21 12:05:14 2020,0.000000,1.562360
Mon Sep 21 12:05:14 2020,0.000000,1.548643
Mon Sep 21 12:05:14 2020,0.000000,1.541318
Mon Sep 21 12:05:14 2020,0.000000,1.539184
Mon Sep 21 12:05:15 2020,0.000000,1.551275
Mon Sep 21 12:05:15 2020,0.000000,1.558062
Mon Sep 21 12:05:15 2020,0.000000,1.562968
Mon Sep 21 12:05:15 2020,0.000000,1.563669
Mon Sep 21 12:05:15 2020,0.000000,1.566516
Mon Sep 21 12:05:15 2020,0.000000,1.571825
Mon Sep 21 12:05:15 2020,0.000000,1.553352
Mon Sep 21 12:05:15 2020,0.000000,1.582711
Mon Sep 21 12:05:15 2020,0.000000,1.553916
Mon Sep 21 12:05:15 2020,0.000000,1.543427
Mon Sep 21 12:05:16 2020,0.000000,1.553127
Mon Sep 21 12:05:16 2020,0.000000,1.558607
Mon Sep 21 12:05:16 2020,0.000000,1.559181
Mon Sep 21 12:05:16 2020,0.000000,1.560427
Mon Sep 21 12:05:16 2020,0.000000,1.556362
Mon Sep 21 12:05:16 2020,0.000000,1.569227
Mon Sep 21 12:05:16 2020,0.000000,1.569298
Mon Sep 21 12:05:16 2020,0.000000,1.552088
Mon Sep 21 12:05:16 2020,0.000000,1.561020
Mon Sep 21 12:05:17 2020,0.000000,1.557611
Mon Sep 21 12:05:17 2020,0.000000,1.558177
Mon Sep 21 12:05:17 2020,0.000000,1.534661
Mon Sep 21 12:05:17 2020,0.000000,1.568513
Mon Sep 21 12:05:17 2020,0.000000,1.561481
Mon Sep 21 12:05:17 2020,0.000000,1.553951
Mon Sep 21 12:05:17 2020,0.000000,1.565450
Mon Sep 21 12:05:17 2020,0.000000,1.567203
Mon Sep 21 12:05:17 2020,0.000000,1.539013
Mon Sep 21 12:05:17 2020,0.000000,1.537189
Mon Sep 21 12:05:18 2020,0.000000,1.540752
Mon Sep 21 12:05:18 2020,0.000000,1.549311
Mon Sep 21 12:05:18 2020,0.000000,1.558787
Mon Sep 21 12:05:18 2020,0.000000,1.553434
Mon Sep 21 12:05:18 2020,0.000000,1.567566
Mon Sep 21 12:05:18 2020,0.000000,1.565192
Mon Sep 21 12:05:18 2020,0.000000,1.558784
Mon Sep 21 12:05:18 2020,0.000000,1.536650
Mon Sep 21 12:05:18 2020,0.000000,1.567942
Mon Sep 21 12:05:18 2020,0.000000,1.541519
Mon Sep 21 12:05:19 2020,0.000000,1.551504
Mon Sep 21 12:05:19 2020,0.000000,1.544891
Mon Sep 21 12:05:19 2020,0.000000,1.552911
Mon Sep 21 12:05:19 2020,0.000000,1.554561
Mon Sep 21 12:05:19 2020,0.000000,1.547221
Mon Sep 21 12:05:19 2020,0.000000,1.562718
Mon Sep 21 12:05:19 2020,0.000000,1.566504
Mon Sep 21 12:05:19 2020,0.000000,1.534250
Mon Sep 21 12:05:19 2020,0.000000,1.566742
Mon Sep 21 12:05:20 2020,0.000000,1.552272
Mon Sep 21 12:05:20 2020,0.000000,1.549267
Mon Sep 21 12:05:20 2020,0.000000,1.531918
Mon Sep 21 12:05:20 2020,0.000000,1.551500
Mon Sep 21 12:05:20 2020,0.000000,1.548992
Mon Sep 21 12:05:20 2020,0.000000,1.572364
Mon Sep 21 12:05:20 2020,0.000000,1.558943
Mon Sep 21 12:05:20 2020,0.000000,1.547972
Mon Sep 21 12:05:20 2020,0.000000,1.551686
Mon Sep 21 12:05:20 2020,0.000000,1.552724
Mon Sep 21 12:05:21 2020,0.000000,1.561776
Mon Sep 21 12:05:21 2020,0.000000,1.538878
Mon Sep 21 12:05:21 2020,0.000000,1.551156
Mon Sep 21 12:05:21 2020,0.000000,1.558366
Mon Sep 21 12:05:21 2020,0.000000,1.546676
Mon Sep 21 12:05:21 2020,0.000000,1.546303
Mon Sep 21 12:05:21 2020,0.000000,1.538525
Mon Sep 21 12:05:21 2020,0.000000,1.535954
Mon Sep 21 12:05:21 2020,0.000000,1.539100
Mon Sep 21 12:05:22 2020,0.000000,1.561929
Mon Sep 21 12:05:22 2020,0.000000,1.549407
Mon Sep 21 12:05:22 2020,0.000000,1.542963
Mon Sep 21 12:05:22 2020,0.000000,1.558488
Mon Sep 21 12:05:22 2020,0.000000,1.558871
Mon Sep 21 12:05:22 2020,0.000000,1.574416
Mon Sep 21 12:05:22 2020,0.000000,1.541864
Mon Sep 21 12:05:22 2020,0.000000,1.554079
Mon Sep 21 12:05:22 2020,0.000000,1.555073
Mon Sep 21 12:05:22 2020,0.000000,1.529461
Mon Sep 21 12:05:23 2020,0.000000,1.559445
Mon Sep 21 12:05:23 2020,0.000000,1.557340
Mon Sep 21 12:05:23 2020,0.000000,1.545177
Mon Sep 21 12:05:23 2020,0.000000,1.551656
Mon Sep 21 12:05:23 2020,0.000000,1.553682
Mon Sep 21 12:05:23 2020,0.000000,1.550551
Mon Sep 21 12:05:23 2020,0.000000,1.540854
Mon Sep 21 12:05:23 2020,0.000000,1.551942
Mon Sep 21 12:05:23 2020,0.000000,1.541428
Mon Sep 21 12:05:24 2020,0.000000,1.548695
Mon Sep 21 12:05:24 2020,0.000000,1.544334
Mon Sep 21 12:05:24 2020,0.000000,1.547827
Mon Sep 21 12:05:24 2020,0.000000,1.547798
Mon Sep 21 12:05:24 2020,0.000000,1.541531
Mon Sep 21 12:05:24 2020,0.000000,1.548157
Mon Sep 21 12:05:24 2020,0.000000,1.543738
Mon Sep 21 12:05:24 2020,0.000000,1.561484
Mon Sep 21 12:05:24 2020,0.000000,1.567315
Mon Sep 21 12:05:24 2020,0.000000,1.536742
Mon Sep 21 12:05:25 2020,0.000000,1.548745
Mon Sep 21 12:05:25 2020,0.000000,1.551380
Mon Sep 21 12:05:25 2020,0.000000,1.542599
Mon Sep 21 12:05:25 2020,0.000000,1.555572
Mon Sep 21 12:05:25 2020,0.000000,1.556832
Mon Sep 21 12:05:25 2020,0.000000,1.552414
Mon Sep 21 12:05:25 2020,0.000000,1.552212
Mon Sep 21 12:05:25 2020,0.000000,1.533149
Mon Sep 21 12:05:25 2020,0.000000,1.549804
Mon Sep 21 12:05:26 2020,0.000000,1.538794
Mon Sep 21 12:05:26 2020,0.000000,1.561029
Mon Sep 21 12:05:26 2020,0.000000,1.552923
Mon Sep 21 12:05:26 2020,0.000000,1.550518
Mon Sep 21 12:05:26 2020,0.000000,1.540226
Mon Sep 21 12:05:26 2020,0.000000,1.556150
Mon Sep 21 12:05:26 2020,0.000000,1.556412
Mon Sep 21 12:05:26 2020,0.000000,1.544647
Mon Sep 21 12:05:26 2020,0.000000,1.566617
Mon Sep 21 12:05:26 2020,0.000000,1.550937
Mon Sep 21 12:05:27 2020,0.000000,1.551084
Mon Sep 21 12:05:27 2020,0.000000,1.536467
Mon Sep 21 12:05:27 2020,0.000000,1.544684
Mon Sep 21 12:05:27 2020,0.000000,1.546195
Mon Sep 21 12:05:27 2020,0.000000,1.541026
Mon Sep 21 12:05:27 2020,0.000000,1.542233
Mon Sep 21 12:05:27 2020,0.000000,1.545612
Mon Sep 21 12:05:27 2020,0.000000,1.531558
Mon Sep 21 12:05:27 2020,0.000000,1.538577
Mon Sep 21 12:05:28 2020,0.000000,1.534987
Mon Sep 21 12:05:28 2020,0.000000,1.553851
Mon Sep 21 12:05:28 2020,0.000000,1.540950
Mon Sep 21 12:05:28 2020,0.000000,1.554881
Mon Sep 21 12:05:28 2020,0.000000,1.538728
Mon Sep 21 12:05:28 2020,0.000000,1.548834
Mon Sep 21 12:05:28 2020,0.000000,1.545512
Mon Sep 21 12:05:28 2020,0.000000,1.548660
Mon Sep 21 12:05:28 2020,0.000000,1.546810
Mon Sep 21 12:05:28 2020,0.000000,1.537861
Mon Sep 21 12:05:29 2020,0.000000,1.538804
Mon Sep 21 12:05:29 2020,0.000000,1.553712
Mon Sep 21 12:05:29 2020,0.000000,1.559530
Mon Sep 21 12:05:29 2020,0.000000,1.560144
Mon Sep 21 12:05:29 2020,0.000000,1.559890
Mon Sep 21 12:05:29 2020,0.000000,1.538927
Mon Sep 21 12:05:29 2020,0.000000,1.559782
Mon Sep 21 12:05:29 2020,0.000000,1.536688
Mon Sep 21 12:05:29 2020,0.000000,1.567206
Mon Sep 21 12:05:29 2020,0.000000,1.535788
Mon Sep 21 12:05:30 2020,0.000000,1.534979
Mon Sep 21 12:05:30 2020,0.000000,1.561256
Mon Sep 21 12:05:30 2020,0.000000,1.535854
Mon Sep 21 12:05:30 2020,0.000000,1.555110
Mon Sep 21 12:05:30 2020,0.000000,1.537134
Mon Sep 21 12:05:30 2020,0.000000,1.538039
Mon Sep 21 12:05:30 2020,0.000000,1.556058
Mon Sep 21 12:05:30 2020,0.000000,1.541230
Mon Sep 21 12:05:30 2020,0.000000,1.544744
Mon Sep 21 12:05:31 2020,0.000000,1.552568
Mon Sep 21 12:05:31 2020,0.000000,1.531716
Mon Sep 21 12:05:31 2020,0.000000,1.542885
Mon Sep 21 12:05:31 2020,0.000000,1.551355
Mon Sep 21 12:05:31 2020,0.000000,1.549527
Mon Sep 21 12:05:31 2020,0.000000,1.531294
Mon Sep 21 12:05:31 2020,0.000000,1.550967
Mon Sep 21 12:05:31 2020,0.000000,1.540769
Mon Sep 21 12:05:31 2020,0.000000,1.555931
Mon Sep 21 12:05:31 2020,0.000000,1.553860
Mon Sep 21 12:05:32 2020,0.000000,1.555150
Mon Sep 21 12:05:32 2020,0.000000,1.544075
Mon Sep 21 12:05:32 2020,0.000000,1.550297
Mon Sep 21 12:05:32 2020,0.000000,1.539923
Mon Sep 21 12:05:32 2020,0.000000,1.545702
Mon Sep 21 12:05:32 2020,0.000000,1.561630
Mon Sep 21 12:05:32 2020,0.000000,1.556753
Mon Sep 21 12:05:32 2020,0.000000,1.528091
Mon Sep 21 12:05:32 2020,0.000000,1.529523
Mon Sep 21 12:05:32 2020,0.000000,1.547806
Mon Sep 21 12:05:33 2020,0.000000,1.540679
Mon Sep 21 12:05:33 2020,0.000000,1.534194
Mon Sep 21 12:05:33 2020,0.000000,1.549700
Mon Sep 21 12:05:33 2020,0.000000,1.531618
Mon Sep 21 12:05:33 2020,0.000000,1.559795
Mon Sep 21 12:05:33 2020,0.000000,1.558098
Mon Sep 21 12:05:33 2020,0.000000,1.547496
Mon Sep 21 12:05:33 2020,0.000000,1.557385
Mon Sep 21 12:05:33 2020,0.000000,1.550752
Mon Sep 21 12:05:34 2020,0.000000,1.555176
Mon Sep 21 12:05:34 2020,0.000000,1.541444
Mon Sep 21 12:05:34 2020,0.000000,1.547264
Mon Sep 21 12:05:34 2020,0.000000,1.555246
Mon Sep 21 12:05:34 2020,0.000000,1.551815
Mon Sep 21 12:05:34 2020,0.000000,1.565301
Mon Sep 21 12:05:34 2020,0.000000,1.547612
Mon Sep 21 12:05:34 2020,0.000000,1.545031
Mon Sep 21 12:05:34 2020,0.000000,1.554028
Mon Sep 21 12:05:34 2020,0.000000,1.568348
Mon Sep 21 12:05:35 2020,0.000000,1.557448
Mon Sep 21 12:05:35 2020,0.000000,1.561714
Mon Sep 21 12:05:35 2020,0.000000,1.583977
Mon Sep 21 12:05:35 2020,0.000000,1.550984
Mon Sep 21 12:05:35 2020,0.000000,1.557719
Mon Sep 21 12:05:35 2020,0.000000,1.552245
Mon Sep 21 12:05:35 2020,0.000000,1.535841
Mon Sep 21 12:05:35 2020,0.000000,1.537636
Mon Sep 21 12:05:35 2020,0.000000,1.545670
Mon Sep 21 12:05:35 2020,0.000000,1.548418
Mon Sep 21 12:05:36 2020,0.000000,1.559925
Mon Sep 21 12:05:36 2020,0.000000,1.547404
Mon Sep 21 12:05:36 2020,0.000000,1.557958
Mon Sep 21 12:05:36 2020,0.000000,1.547905
Mon Sep 21 12:05:36 2020,0.000000,1.555741
Mon Sep 21 12:05:36 2020,0.000000,1.534435
Mon Sep 21 12:05:36 2020,0.000000,1.534060
Mon Sep 21 12:05:36 2020,0.000000,1.541304
Mon Sep 21 12:05:36 2020,0.000000,1.557867
Mon Sep 21 12:05:37 2020,0.000000,1.557983
Mon Sep 21 12:05:37 2020,0.000000,1.559378
Mon Sep 21 12:05:37 2020,0.000000,1.553669
Mon Sep 21 12:05:37 2020,0.000000,1.554177
Mon Sep 21 12:05:37 2020,0.000000,1.558054
Mon Sep 21 12:05:37 2020,0.000000,1.528388
Mon Sep 21 12:05:37 2020,0.000000,1.544248
Mon Sep 21 12:05:37 2020,0.000000,1.552361
Mon Sep 21 12:05:37 2020,0.000000,1.532062
Mon Sep 21 12:05:37 2020,0.000000,1.549518
Mon Sep 21 12:05:38 2020,0.000000,1.560636
Mon Sep 21 12:05:38 2020,0.000000,1.565096
Mon Sep 21 12:05:38 2020,0.000000,1.552551
Mon Sep 21 12:05:38 2020,0.000000,1.553467
Mon Sep 21 12:05:38 2020,0.000000,1.538471
Mon Sep 21 12:05:38 2020,0.000000,1.546548
Mon Sep 21 12:05:38 2020,0.000000,1.538167
Mon Sep 21 12:05:38 2020,0.000000,1.547748
Mon Sep 21 12:05:38 2020,0.000000,1.547005
Mon Sep 21 12:05:38 2020,0.000000,1.535058
Mon Sep 21 12:05:39 2020,0.000000,1.515189
Mon Sep 21 12:05:39 2020,0.000000,1.530057
Mon Sep 21 12:05:39 2020,0.000000,1.543214
Mon Sep 21 12:05:39 2020,0.000000,1.528879
Mon Sep 21 12:05:39 2020,0.000000,1.525476
Mon Sep 21 12:05:39 2020,0.000000,1.512136
Mon Sep 21 12:05:39 2020,0.000000,1.524051
Mon Sep 21 12:05:39 2020,0.000000,1.531065
Mon Sep 21 12:05:39 2020,0.000000,1.519684
Mon Sep 21 12:05:40 2020,0.000000,1.503963
Mon Sep 21 12:05:40 2020,0.000000,1.520787
Mon Sep 21 12:05:40 2020,0.000000,1.512024
Mon Sep 21 12:05:40 2020,0.000000,1.519474
Mon Sep 21 12:05:40 2020,0.000000,1.525769
Mon Sep 21 12:05:40 2020,0.000000,1.533445
Mon Sep 21 12:05:40 2020,0.000000,1.524613
Mon Sep 21 12:05:40 2020,0.000000,1.524668
Mon Sep 21 12:05:40 2020,0.000000,1.519735
Mon Sep 21 12:05:40 2020,0.000000,1.518156
Mon Sep 21 12:05:41 2020,0.000000,1.510402
Mon Sep 21 12:05:41 2020,0.000000,1.492364
Mon Sep 21 12:05:41 2020,0.000000,1.488625
Mon Sep 21 12:05:41 2020,0.000000,1.502035
Mon Sep 21 12:05:41 2020,0.000000,1.472352
Mon Sep 21 12:05:41 2020,0.000000,1.470799
Mon Sep 21 12:05:41 2020,0.000000,1.449623
Mon Sep 21 12:05:41 2020,0.000000,1.456836
Mon Sep 21 12:05:41 2020,0.000000,1.436899
Mon Sep 21 12:05:42 2020,0.000000,1.448320
Mon Sep 21 12:05:42 2020,0.000000,1.427704
Mon Sep 21 12:05:42 2020,0.000000,1.416064
Mon Sep 21 12:05:42 2020,0.000000,1.420028
Mon Sep 21 12:05:42 2020,0.000000,1.409977
Mon Sep 21 12:05:42 2020,0.000000,1.361982
Mon Sep 21 12:05:42 2020,0.000000,1.388140
Mon Sep 21 12:05:42 2020,0.000000,1.343050
Mon Sep 21 12:05:42 2020,0.000000,1.336911
Mon Sep 21 12:05:42 2020,0.000000,1.340516
Mon Sep 21 12:05:43 2020,0.000000,1.323586
Mon Sep 21 12:05:43 2020,0.000000,1.293112
Mon Sep 21 12:05:43 2020,0.000000,1.286859
Mon Sep 21 12:05:43 2020,0.000000,1.285383
Mon Sep 21 12:05:43 2020,0.000000,1.263904
Mon Sep 21 12:05:43 2020,0.000000,1.247901
Mon Sep 21 12:05:43 2020,0.000000,1.210387
Mon Sep 21 12:05:43 2020,0.000000,1.217388
Mon Sep 21 12:05:43 2020,0.000000,1.190682
Mon Sep 21 12:05:43 2020,0.000000,1.190949
Mon Sep 21 12:05:44 2020,0.000000,1.168094
Mon Sep 21 12:05:44 2020,0.000000,1.172699
Mon Sep 21 12:05:44 2020,0.000000,1.119548
Mon Sep 21 12:05:44 2020,0.000000,1.125807
Mon Sep 21 12:05:44 2020,0.000000,1.121337
Mon Sep 21 12:05:44 2020,0.000000,1.105609
Mon Sep 21 12:05:44 2020,0.000000,1.092715
Mon Sep 21 12:05:44 2020,0.000000,1.057544
Mon Sep 21 12:05:44 2020,0.000000,1.071169
Mon Sep 21 12:05:45 2020,0.000000,1.050866
Mon Sep 21 12:05:45 2020,0.000000,1.039670
Mon Sep 21 12:05:45 2020,0.000000,1.030221
Mon Sep 21 12:05:45 2020,0.000000,1.015252
Mon Sep 21 12:05:45 2020,0.000000,0.989183
Mon Sep 21 12:05:45 2020,0.000000,0.986543
Mon Sep 21 12:05:45 2020,0.000000,0.953694
Mon Sep 21 12:05:45 2020,0.000000,0.940693
Mon Sep 21 12:05:45 2020,0.000000,0.943510
Mon Sep 21 12:05:45 2020,0.000000,0.933935
Mon Sep 21 12:05:46 2020,0.000000,0.908239
Mon Sep 21 12:05:46 2020,0.000000,0.896565
Mon Sep 21 12:05:46 2020,0.000000,0.878076
Mon Sep 21 12:05:46 2020,0.000000,0.877709
Mon Sep 21 12:05:46 2020,0.000000,0.834455
Mon Sep 21 12:05:46 2020,0.000000,0.832132
Mon Sep 21 12:05:46 2020,0.000000,0.829268
Mon Sep 21 12:05:46 2020,0.000000,0.819931
Mon Sep 21 12:05:46 2020,0.000000,0.800116
Mon Sep 21 12:05:47 2020,0.000000,0.782057
Mon Sep 21 12:05:47 2020,0.000000,0.755017
Mon Sep 21 12:05:47 2020,0.000000,0.763382
Mon Sep 21 12:05:47 2020,0.000000,0.751651
Mon Sep 21 12:05:47 2020,0.000000,0.743373
Mon Sep 21 12:05:47 2020,0.000000,0.740298
Mon Sep 21 12:05:47 2020,0.000000,0.703338
Mon Sep 21 12:05:47 2020,0.000000,0.658121
Mon Sep 21 12:05:47 2020,0.000000,0.663362
Mon Sep 21 12:05:47 2020,0.000000,0.602356
Mon Sep 21 12:05:48 2020,0.000000,0.584645
Mon Sep 21 12:05:48 2020,0.000000,0.573955
Mon Sep 21 12:05:48 2020,0.000000,0.565742
Mon Sep 21 12:05:48 2020,0.000000,0.497950
Mon Sep 21 12:05:48 2020,0.000000,0.500857
Mon Sep 21 12:05:48 2020,0.000000,0.472042
Mon Sep 21 12:05:48 2020,0.000000,0.445601
Mon Sep 21 12:05:48 2020,0.000000,0.413469
Mon Sep 21 12:05:48 2020,0.000000,0.418248
Mon Sep 21 12:05:49 2020,0.000000,0.373290
Mon Sep 21 12:05:49 2020,0.000000,0.366280
Mon Sep 21 12:05:49 2020,0.000000,0.334001
Mon Sep 21 12:05:49 2020,0.000000,0.304685
Mon Sep 21 12:05:49 2020,0.000000,0.299929
Mon Sep 21 12:05:49 2020,0.000000,0.310219
Mon Sep 21 12:05:49 2020,0.000000,0.302512
Mon Sep 21 12:05:49 2020,0.000000,0.268745
Mon Sep 21 12:05:49 2020,0.000000,0.280221
Mon Sep 21 12:05:49 2020,0.000000,0.303743
Mon Sep 21 12:05:50 2020,0.000000,0.314047
Mon Sep 21 12:05:50 2020,0.000000,0.295112
Mon Sep 21 12:05:50 2020,0.000000,0.306894
Mon Sep 21 12:05:50 2020,0.000000,0.327626
Mon Sep 21 12:05:50 2020,0.000000,0.369323
Mon Sep 21 12:05:50 2020,0.000000,0.409346
Mon Sep 21 12:05:50 2020,0.000000,0.459816
Mon Sep 21 12:05:50 2020,0.000000,0.517983
Mon Sep 21 12:05:50 2020,0.000000,0.589674
Mon Sep 21 12:05:50 2020,0.000000,0.734207
Mon Sep 21 12:05:51 2020,0.000000,inf
Mon Sep 21 12:05:51 2020,0.000000,inf
Mon Sep 21 12:05:51 2020,0.000000,inf
Mon Sep 21 12:05:51 2020,0.000000,inf
Mon Sep 21 12:05:51 2020,0.000000,inf
Mon Sep 21 12:05:51 2020,0.000000,inf
Mon Sep 21 12:05:51 2020,0.000000,inf
Mon Sep 21 12:05:51 2020,0.000000,inf
Mon Sep 21 12:05:51 2020,0.000000,inf
Mon Sep 21 12:05:52 2020,0.000000,inf
Mon Sep 21 12:05:52 2020,0.000000,inf
Mon Sep 21 12:05:52 2020,0.000000,inf
Mon Sep 21 12:05:52 2020,0.000000,inf
Mon Sep 21 12:05:52 2020,0.000000,inf
Mon Sep 21 12:05:52 2020,0.000000,inf
Mon Sep 21 12:05:52 2020,0.000000,inf
Mon Sep 21 12:05:52 2020,0.000000,inf
Mon Sep 21 12:05:52 2020,0.000000,inf
Mon Sep 21 12:05:52 2020,0.000000,inf
Mon Sep 21 12:05:53 2020,0.000000,inf
Mon Sep 21 12:05:53 2020,0.000000,inf
Mon Sep 21 12:05:53 2020,0.000000,inf
Mon Sep 21 12:05:53 2020,0.000000,inf
Mon Sep 21 12:05:53 2020,0.000000,inf
Mon Sep 21 12:05:53 2020,0.000000,inf
Mon Sep 21 12:05:53 2020,0.000000,inf
Mon Sep 21 12:05:53 2020,0.000000,inf
Mon Sep 21 12:05:53 2020,0.000000,inf
Mon Sep 21 12:05:54 2020,0.000000,inf
Mon Sep 21 12:05:54 2020,0.000000,inf
Mon Sep 21 12:05:54 2020,0.000000,inf
Mon Sep 21 12:05:54 2020,0.000000,inf
Mon Sep 21 12:05:54 2020,0.000000,inf
Mon Sep 21 12:05:54 2020,0.000000,inf
Mon Sep 21 12:05:54 2020,0.000000,inf
Mon Sep 21 12:05:54 2020,0.000000,inf
Mon Sep 21 12:05:54 2020,0.000000,inf
Mon Sep 21 12:05:54 2020,0.000000,inf
Mon Sep 21 12:05:55 2020,0.000000,inf
Mon Sep 21 12:05:55 2020,0.000000,inf
Mon Sep 21 12:05:55 2020,0.000000,inf
Mon Sep 21 12:05:55 2020,0.000000,inf
Mon Sep 21 12:05:55 2020,0.000000,inf
Mon Sep 21 12:05:55 2020,0.000000,inf
Mon Sep 21 12:05:55 2020,0.000000,inf
Mon Sep 21 12:05:55 2020,0.000000,inf
Mon Sep 21 12:05:55 2020,0.000000,inf
Mon Sep 21 12:05:55 2020,0.000000,inf
Mon Sep 21 12:05:56 2020,0.000000,inf
Mon Sep 21 12:05:56 2020,0.000000,inf
Mon Sep 21 12:05:56 2020,0.000000,inf
Mon Sep 21 12:05:56 2020,0.000000,inf
Mon Sep 21 12:05:56 2020,0.000000,inf
Mon Sep 21 12:05:56 2020,0.000000,inf
Mon Sep 21 12:05:56 2020,0.000000,inf
Mon Sep 21 12:05:56 2020,0.000000,inf
Mon Sep 21 12:05:56 2020,0.000000,inf
Mon Sep 21 12:05:57 2020,0.000000,inf
Mon Sep 21 12:05:57 2020,0.000000,inf
Mon Sep 21 12:05:57 2020,0.000000,inf
Mon Sep 21 12:05:57 2020,0.000000,inf
Mon Sep 21 12:05:57 2020,0.000000,inf
Mon Sep 21 12:05:57 2020,0.000000,inf
Mon Sep 21 12:05:57 2020,0.000000,inf
Mon Sep 21 12:05:57 2020,0.000000,inf
Mon Sep 21 12:05:57 2020,0.000000,inf
Mon Sep 21 12:05:57 2020,0.000000,inf
Mon Sep 21 12:05:58 2020,0.000000,inf
Mon Sep 21 12:05:58 2020,0.000000,inf
Mon Sep 21 12:05:58 2020,0.000000,inf
Mon Sep 21 12:05:58 2020,0.000000,inf
Mon Sep 21 12:05:58 2020,0.000000,inf
Mon Sep 21 12:05:58 2020,0.000000,inf
Mon Sep 21 12:05:58 2020,0.000000,inf
Mon Sep 21 12:05:58 2020,0.000000,inf
Mon Sep 21 12:05:58 2020,0.000000,inf
Mon Sep 21 12:05:59 2020,0.000000,inf
Mon Sep 21 12:05:59 2020,0.000000,inf
Mon Sep 21 12:05:59 2020,0.000000,inf
Mon Sep 21 12:05:59 2020,0.000000,inf
Mon Sep 21 12:05:59 2020,0.000000,inf
Mon Sep 21 12:05:59 2020,0.000000,inf
Mon Sep 21 12:05:59 2020,0.000000,inf
Mon Sep 21 12:05:59 2020,0.000000,inf
Mon Sep 21 12:05:59 2020,0.000000,inf
Mon Sep 21 12:05:59 2020,0.000000,inf
Mon Sep 21 12:06:00 2020,0.000000,inf
Mon Sep 21 12:06:00 2020,0.000000,inf
Mon Sep 21 12:06:00 2020,0.000000,inf
Mon Sep 21 12:06:00 2020,0.000000,inf
Mon Sep 21 12:06:00 2020,0.000000,inf
Mon Sep 21 12:06:00 2020,0.000000,inf
Mon Sep 21 12:06:00 2020,0.000000,inf
Mon Sep 21 12:06:00 2020,0.000000,inf
Mon Sep 21 12:06:00 2020,0.000000,inf
Mon Sep 21 12:06:00 2020,0.000000,inf
Mon Sep 21 12:06:01 2020,0.000000,inf
Mon Sep 21 12:06:01 2020,0.000000,inf
Mon Sep 21 12:06:01 2020,0.000000,inf
Mon Sep 21 12:06:01 2020,0.000000,inf
Mon Sep 21 12:06:01 2020,0.000000,inf
Mon Sep 21 12:06:01 2020,0.000000,inf
Mon Sep 21 12:06:01 2020,0.000000,inf
Mon Sep 21 12:06:01 2020,0.000000,inf
Mon Sep 21 12:06:01 2020,0.000000,inf
Mon Sep 21 12:06:02 2020,0.000000,inf
Mon Sep 21 12:06:02 2020,0.000000,inf
Mon Sep 21 12:06:02 2020,0.000000,inf
Mon Sep 21 12:06:02 2020,0.000000,inf
Mon Sep 21 12:06:02 2020,0.000000,inf
Mon Sep 21 12:06:02 2020,0.000000,inf
Mon Sep 21 12:06:02 2020,0.000000,inf
Mon Sep 21 12:06:02 2020,0.000000,inf
Mon Sep 21 12:06:02 2020,0.000000,inf
Mon Sep 21 12:06:02 2020,0.000000,inf
Mon Sep 21 12:06:03 2020,0.000000,inf
Mon Sep 21 12:06:03 2020,0.000000,inf
Mon Sep 21 12:06:03 2020,0.000000,inf
Mon Sep 21 12:06:03 2020,0.000000,inf
Mon Sep 21 12:06:03 2020,0.000000,inf
Mon Sep 21 12:06:03 2020,0.000000,inf
Mon Sep 21 12:06:03 2020,0.000000,inf
Mon Sep 21 12:06:03 2020,0.000000,1.625823
Mon Sep 21 12:06:03 2020,0.000000,1.532114
Mon Sep 21 12:06:04 2020,0.000000,0.741427
Mon Sep 21 12:06:04 2020,0.000000,0.621458
Mon Sep 21 12:06:04 2020,0.000000,0.545505
Mon Sep 21 12:06:04 2020,0.000000,0.591489
Mon Sep 21 12:06:04 2020,0.000000,0.707737
Mon Sep 21 12:06:04 2020,0.000000,0.760812
Mon Sep 21 12:06:04 2020,0.000000,0.776420
Mon Sep 21 12:06:04 2020,0.000000,0.778194
Mon Sep 21 12:06:04 2020,0.000000,0.755813
Mon Sep 21 12:06:04 2020,0.000000,0.767813
Mon Sep 21 12:06:05 2020,0.000000,0.787692
Mon Sep 21 12:06:05 2020,0.000000,0.770484
Mon Sep 21 12:06:05 2020,0.000000,0.780053
Mon Sep 21 12:06:05 2020,0.000000,0.772611
Mon Sep 21 12:06:05 2020,0.000000,0.761576
Mon Sep 21 12:06:05 2020,0.000000,0.769185
Mon Sep 21 12:06:05 2020,0.000000,0.777689
Mon Sep 21 12:06:05 2020,0.000000,0.767194
Mon Sep 21 12:06:05 2020,0.000000,0.777969
Mon Sep 21 12:06:06 2020,0.000000,0.776236
Mon Sep 21 12:06:06 2020,0.000000,0.768298
Mon Sep 21 12:06:06 2020,0.000000,0.768592
Mon Sep 21 12:06:06 2020,0.000000,0.766748
Mon Sep 21 12:06:06 2020,0.000000,0.774356
Mon Sep 21 12:06:06 2020,0.000000,0.782303
Mon Sep 21 12:06:06 2020,0.000000,0.756035
Mon Sep 21 12:06:06 2020,0.000000,0.766161
Mon Sep 21 12:06:06 2020,0.000000,0.773777
Mon Sep 21 12:06:06 2020,0.000000,0.762385
Mon Sep 21 12:06:07 2020,0.000000,0.764401
Mon Sep 21 12:06:07 2020,0.000000,0.775082
Mon Sep 21 12:06:07 2020,0.000000,0.790754
Mon Sep 21 12:06:07 2020,0.000000,0.759169
Mon Sep 21 12:06:07 2020,0.000000,0.769487
Mon Sep 21 12:06:07 2020,0.000000,0.764834
Mon Sep 21 12:06:07 2020,0.000000,0.777873
Mon Sep 21 12:06:07 2020,0.000000,0.783309
Mon Sep 21 12:06:07 2020,0.000000,0.761382
Mon Sep 21 12:06:08 2020,0.000000,0.767183
Mon Sep 21 12:06:08 2020,0.000000,0.778990
Mon Sep 21 12:06:08 2020,0.000000,0.765555
Mon Sep 21 12:06:08 2020,0.000000,0.779673
Mon Sep 21 12:06:08 2020,0.000000,0.767457
Mon Sep 21 12:06:08 2020,0.000000,0.767226
Mon Sep 21 12:06:08 2020,0.000000,0.768574
Mon Sep 21 12:06:08 2020,0.000000,0.768746
Mon Sep 21 12:06:08 2020,0.000000,0.768126
Mon Sep 21 12:06:08 2020,0.000000,0.752490
Mon Sep 21 12:06:09 2020,0.000000,0.767467
Mon Sep 21 12:06:09 2020,0.000000,0.756111
Mon Sep 21 12:06:09 2020,0.000000,0.776164
Mon Sep 21 12:06:09 2020,0.000000,0.774925
Mon Sep 21 12:06:09 2020,0.000000,0.768941
Mon Sep 21 12:06:09 2020,0.000000,0.770066
Mon Sep 21 12:06:09 2020,0.000000,0.794058
Mon Sep 21 12:06:09 2020,0.000000,0.754386
Mon Sep 21 12:06:09 2020,0.000000,0.752067
Mon Sep 21 12:06:09 2020,0.000000,0.778725
Mon Sep 21 12:06:10 2020,0.000000,0.766792
Mon Sep 21 12:06:10 2020,0.000000,0.777283
Mon Sep 21 12:06:10 2020,0.000000,0.768312
Mon Sep 21 12:06:10 2020,0.000000,0.774020
Mon Sep 21 12:06:10 2020,0.000000,0.746645
Mon Sep 21 12:06:10 2020,0.000000,0.758638
Mon Sep 21 12:06:10 2020,0.000000,0.766095
Mon Sep 21 12:06:10 2020,0.000000,0.770593
Mon Sep 21 12:06:10 2020,0.000000,0.769017
Mon Sep 21 12:06:11 2020,0.000000,0.764228
Mon Sep 21 12:06:11 2020,0.000000,0.785906
Mon Sep 21 12:06:11 2020,0.000000,0.778984
Mon Sep 21 12:06:11 2020,0.000000,0.775712
Mon Sep 21 12:06:11 2020,0.000000,0.774470
Mon Sep 21 12:06:11 2020,0.000000,0.766222
Mon Sep 21 12:06:11 2020,0.000000,0.777817
Mon Sep 21 12:06:11 2020,0.000000,0.769085
Mon Sep 21 12:06:11 2020,0.000000,0.778241
Mon Sep 21 12:06:11 2020,0.000000,0.750179
Mon Sep 21 12:06:12 2020,0.000000,0.748110
Mon Sep 21 12:06:12 2020,0.000000,0.782979
Mon Sep 21 12:06:12 2020,0.000000,0.760055
Mon Sep 21 12:06:12 2020,0.000000,0.764472
